Campo,Poco,Sigla ZP,Código ZP,Data,Qo,Qcl (m³/d),Qg (Mil m³/d),Qw,Qwi,Qgi (Mil m³/d),Horas Inj Água,Horas Inj Gás,Horas Prod
Campo1,POCO1,ZP1,1,1/6/1979,111.53,,7.81,0.0,,,,,87.0
Campo1,POCO1,ZP1,1,1/7/1979,960.94,,94.62,0.0,,,,,702.0
Campo1,POCO1,ZP1,1,1/8/1979,940.35,,103.44,0.0,,,,,694.0
Campo1,POCO1,ZP1,1,1/9/1979,1064.4,,114.87,0.0,,,,,702.0
Campo1,POCO1,ZP1,1,1/10/1979,999.32,,106.93,0.0,,,,,686.0
Campo1,POCO1,ZP1,1,1/11/1979,1082.33,,115.81,0.0,,,,,714.0
Campo1,POCO1,ZP1,1,1/12/1979,961.61,,92.31,0.0,,,,,690.0
Campo1,POCO1,ZP1,1,1/1/1980,1036.72,,100.07,0.0,,,,,744.0
Campo1,POCO1,ZP1,1,1/2/1980,1026.66,,102.67,0.0,,,,,679.0
Campo1,POCO1,ZP1,1,1/3/1980,421.35,,42.14,0.0,,,,,312.0
Campo1,POCO1,ZP1,1,1/4/1980,936.65,,93.67,0.0,,,,,669.0
Campo1,POCO1,ZP1,1,1/5/1980,848.9,,84.89,0.0,,,,,616.0
Campo1,POCO1,ZP1,1,1/6/1980,608.77,,60.95,0.0,,,,,443.0
Campo1,POCO1,ZP1,1,1/7/1980,963.31,,99.22,0.0,,,,,742.0
Campo1,POCO1,ZP1,1,1/8/1980,960.37,,98.92,0.0,,,,,731.0
Campo1,POCO1,ZP1,1,1/9/1980,211.2,,23.0,0.0,,,,,154.0
Campo1,POCO1,ZP1,1,1/10/1980,0.0,,0.0,0.0,,,,,0.0
Campo1,POCO1,ZP1,1,1/11/1980,,,,,,,,,
Campo1,POCO1,ZP1,1,1/12/1980,,,,,,,,,
Campo1,POCO1,ZP1,1,1/1/1981,0.0,,0.0,0.0,,,,,0.0
Campo1,POCO1,ZP1,1,1/2/1981,707.8,,77.86,0.0,,,,,523.0
Campo1,POCO1,ZP1,1,1/3/1981,868.93,,95.58,0.0,,,,,713.0
Campo1,POCO1,ZP1,1,1/4/1981,442.41,,48.66,0.0,,,,,351.0
Campo1,POCO1,ZP1,1,1/5/1981,821.69,,90.39,0.0,,,,,680.0
Campo1,POCO1,ZP1,1,1/6/1981,833.59,,91.7,0.0,,,,,673.0
Campo1,POCO1,ZP1,1,1/7/1981,821.64,,90.38,0.0,,,,,700.0
Campo1,POCO1,ZP1,1,1/8/1981,852.31,,93.75,0.0,,,,,738.0
Campo1,POCO1,ZP1,1,1/9/1981,370.71,,40.78,0.0,,,,,320.0
Campo1,POCO1,ZP1,1,1/10/1981,710.92,,78.2,0.0,,,,,644.0
Campo1,POCO1,ZP1,1,1/11/1981,701.23,,77.14,0.0,,,,,655.0
Campo1,POCO1,ZP1,1,1/12/1981,454.55,,50.0,0.0,,,,,418.0
Campo1,POCO1,ZP1,1,1/1/1982,710.55,,78.16,0.0,,,,,643.0
Campo1,POCO1,ZP1,1,1/2/1982,638.78,,70.27,0.0,,,,,522.0
Campo1,POCO1,ZP1,1,1/3/1982,713.83,,78.52,0.0,,,,,664.0
Campo1,POCO1,ZP1,1,1/4/1982,791.56,,89.7,0.0,,,,,714.0
Campo1,POCO1,ZP1,1,1/5/1982,800.74,,96.09,0.0,,,,,736.0
Campo1,POCO1,ZP1,1,1/6/1982,758.57,,91.03,0.0,,,,,718.0
Campo1,POCO1,ZP1,1,1/7/1982,747.73,,89.73,0.0,,,,,744.0
Campo1,POCO1,ZP1,1,1/8/1982,670.07,,80.41,0.0,,,,,684.0
Campo1,POCO1,ZP1,1,1/9/1982,693.76,,83.25,0.0,,,,,720.0
Campo1,POCO1,ZP1,1,1/10/1982,661.2,,79.34,0.0,,,,,738.0
Campo1,POCO1,ZP1,1,1/11/1982,570.0,,68.4,0.0,,,,,720.0
Campo1,POCO1,ZP1,1,1/12/1982,570.0,,66.75,0.0,,,,,744.0
Campo1,POCO1,ZP1,1,1/1/1983,641.98,,57.78,0.0,,,,,743.0
Campo1,POCO1,ZP1,1,1/2/1983,637.26,,57.35,0.0,,,,,669.0
Campo1,POCO1,ZP1,1,1/3/1983,640.0,,57.6,0.0,,,,,744.0
Campo1,POCO1,ZP1,1,1/4/1983,640.0,,57.6,0.0,,,,,720.0
Campo1,POCO1,ZP1,1,1/5/1983,582.07,,52.39,0.0,,,,,706.0
Campo1,POCO1,ZP1,1,1/6/1983,598.0,,64.74,0.0,,,,,720.0
Campo1,POCO1,ZP1,1,1/7/1983,575.51,,54.7,0.0,,,,,727.0
Campo1,POCO1,ZP1,1,1/8/1983,573.55,,54.66,0.0,,,,,744.0
Campo1,POCO1,ZP1,1,1/9/1983,567.46,,58.78,0.0,,,,,716.0
Campo1,POCO1,ZP1,1,1/10/1983,569.4,,53.69,0.0,,,,,741.0
Campo1,POCO1,ZP1,1,1/11/1983,560.64,,53.89,0.0,,,,,719.0
Campo1,POCO1,ZP1,1,1/12/1983,528.24,,51.12,0.0,,,,,714.0
Campo1,POCO1,ZP1,1,1/1/1984,512.13,,50.57,0.0,,,,,712.0
Campo1,POCO1,ZP1,1,1/2/1984,527.04,,51.9,0.0,,,,,694.0
Campo1,POCO1,ZP1,1,1/3/1984,521.05,,63.95,1.47,,,,,744.0
Campo1,POCO1,ZP1,1,1/4/1984,596.63,,67.27,4.77,,,,,716.0
Campo1,POCO1,ZP1,1,1/5/1984,235.12,,25.54,1.88,,,,,484.0
Campo1,POCO1,ZP1,1,1/6/1984,350.0,,39.6,2.8,,,,,720.0
Campo1,POCO1,ZP1,1,1/7/1984,336.18,,37.85,2.69,,,,,744.0
Campo1,POCO1,ZP1,1,1/8/1984,200.0,,23.98,1.6,,,,,432.0
Campo1,POCO1,ZP1,1,1/9/1984,173.33,,17.76,1.39,,,,,264.0
Campo1,POCO1,ZP1,1,1/10/1984,187.48,,19.39,0.0,,,,,310.0
Campo1,POCO1,ZP1,1,1/11/1984,0.0,,0.0,0.0,,,,,0.0
Campo1,POCO1,ZP1,1,1/12/1984,,,,,,,,,
Campo1,POCO1,ZP1,1,1/1/1985,,,,,,,,,
Campo1,POCO1,ZP1,1,1/2/1985,,,,,,,,,
Campo1,POCO1,ZP1,1,1/3/1985,,,,,,,,,
Campo1,POCO1,ZP1,1,1/4/1985,,,,,,,,,
Campo1,POCO1,ZP1,1,1/5/1985,,,,,,,,,
Campo1,POCO1,ZP1,1,1/6/1985,,,,,,,,,
Campo1,POCO1,ZP1,1,1/7/1985,,,,,,,,,
Campo1,POCO1,ZP1,1,1/8/1985,,,,,,,,,
Campo1,POCO1,ZP1,1,1/9/1985,,,,,,,,,
Campo1,POCO1,ZP1,1,1/10/1985,,,,,,,,,
Campo1,POCO1,ZP1,1,1/11/1985,,,,,,,,,
Campo1,POCO1,ZP1,1,1/12/1985,,,,,,,,,
Campo1,POCO1,ZP1,1,1/1/1986,,,,,,,,,
Campo1,POCO1,ZP1,1,1/2/1986,,,,,,,,,
Campo1,POCO1,ZP1,1,1/3/1986,,,,,,,,,
Campo1,POCO1,ZP1,1,1/4/1986,,,,,,,,,
Campo1,POCO1,ZP1,1,1/5/1986,,,,,,,,,
Campo1,POCO1,ZP1,1,1/6/1986,,,,,,,,,
Campo1,POCO1,ZP1,1,1/7/1986,,,,,,,,,
Campo1,POCO1,ZP1,1,1/8/1986,,,,,,,,,
Campo1,POCO1,ZP1,1,1/9/1986,,,,,,,,,
Campo1,POCO1,ZP1,1,1/10/1986,,,,,,,,,
Campo1,POCO1,ZP1,1,1/11/1986,,,,,,,,,
Campo1,POCO1,ZP1,1,1/12/1986,,,,,,,,,
Campo1,POCO1,ZP1,1,1/1/1987,,,,,,,,,
Campo1,POCO1,ZP1,1,1/2/1987,,,,,,,,,
Campo1,POCO1,ZP1,1,1/3/1987,,,,,,,,,
Campo1,POCO1,ZP1,1,1/4/1987,,,,,,,,,
Campo1,POCO1,ZP1,1,1/5/1987,,,,,,,,,
Campo1,POCO1,ZP1,1,1/6/1987,,,,,,,,,
Campo1,POCO1,ZP1,1,1/7/1987,,,,,,,,,
Campo1,POCO1,ZP1,1,1/8/1987,,,,,,,,,
Campo1,POCO1,ZP1,1,1/9/1987,,,,,,,,,
Campo1,POCO1,ZP1,1,1/10/1987,,,,,,,,,
Campo1,POCO1,ZP1,1,1/11/1987,,,,,,,,,
Campo1,POCO1,ZP1,1,1/12/1987,,,,,,,,,
Campo1,POCO1,ZP1,1,1/1/1988,,,,,,,,,
Campo1,POCO1,ZP1,1,1/2/1988,,,,,,,,,
Campo1,POCO1,ZP1,1,1/3/1988,,,,,,,,,
Campo1,POCO1,ZP1,1,1/4/1988,,,,,,,,,
Campo1,POCO1,ZP1,1,1/5/1988,,,,,,,,,
Campo1,POCO1,ZP1,1,1/6/1988,,,,,,,,,
Campo1,POCO1,ZP1,1,1/7/1988,,,,,,,,,
Campo1,POCO1,ZP1,1,1/8/1988,,,,,,,,,
Campo1,POCO1,ZP1,1,1/9/1988,,,,,,,,,
Campo1,POCO1,ZP1,1,1/10/1988,,,,,,,,,
Campo1,POCO1,ZP1,1,1/11/1988,,,,,,,,,
Campo1,POCO1,ZP1,1,1/12/1988,,,,,,,,,
Campo1,POCO1,ZP1,1,1/1/1989,,,,,,,,,
Campo1,POCO1,ZP1,1,1/2/1989,,,,,,,,,
Campo1,POCO1,ZP1,1,1/3/1989,,,,,,,,,
Campo1,POCO1,ZP1,1,1/4/1989,,,,,,,,,
Campo1,POCO1,ZP1,1,1/5/1989,,,,,,,,,
Campo1,POCO1,ZP1,1,1/6/1989,,,,,,,,,
Campo1,POCO1,ZP1,1,1/7/1989,,,,,,,,,
Campo1,POCO1,ZP1,1,1/8/1989,,,,,,,,,
Campo1,POCO1,ZP1,1,1/9/1989,,,,,,,,,
Campo1,POCO1,ZP1,1,1/10/1989,,,,,,,,,
Campo1,POCO1,ZP1,1,1/11/1989,,,,,,,,,
Campo1,POCO1,ZP1,1,1/12/1989,,,,,,,,,
Campo1,POCO1,ZP1,1,1/1/1990,,,,,,,,,
Campo1,POCO1,ZP1,1,1/2/1990,175.01,,18.75,4.73,,,,,574.0
Campo1,POCO1,ZP1,1,1/3/1990,228.39,,20.94,3.3,,,,,744.0
Campo1,POCO1,ZP1,1,1/4/1990,218.95,,20.35,1.21,,,,,715.0
Campo1,POCO1,ZP1,1,1/5/1990,216.28,,18.67,4.5,,,,,743.0
Campo1,POCO1,ZP1,1,1/6/1990,219.22,,18.25,0.9,,,,,720.0
Campo1,POCO1,ZP1,1,1/7/1990,201.7,,16.31,0.46,,,,,686.0
Campo1,POCO1,ZP1,1,1/8/1990,35.38,,2.86,87.08,,,,,685.0
Campo1,POCO1,ZP1,1,1/9/1990,25.91,,2.18,91.77,,,,,716.0
Campo1,POCO1,ZP1,1,1/10/1990,80.0,,6.88,181.52,,,,,744.0
Campo1,POCO1,ZP1,1,1/11/1990,74.99,,6.6,178.4,,,,,675.0
Campo1,POCO1,ZP1,1,1/12/1990,73.57,,6.74,211.45,,,,,744.0
Campo1,POCO1,ZP1,1,1/1/1991,39.65,,3.49,153.25,,,,,736.0
Campo1,POCO1,ZP1,1,1/2/1991,26.98,,2.42,107.93,,,,,453.0
Campo1,POCO1,ZP1,1,1/3/1991,0.0,,0.0,0.0,,,,,0.0
Campo1,POCO1,ZP1,1,1/4/1991,,,,,,,,,
Campo1,POCO1,ZP1,1,1/5/1991,,,,,,,,,
Campo1,POCO1,ZP1,1,1/6/1991,,,,,,,,,
Campo1,POCO1,ZP1,1,1/7/1991,,,,,,,,,
Campo1,POCO1,ZP1,1,1/8/1991,,,,,,,,,
Campo1,POCO1,ZP1,1,1/9/1991,,,,,,,,,
Campo1,POCO1,ZP1,1,1/10/1991,,,,,,,,,
Campo1,POCO1,ZP1,1,1/11/1991,,,,,,,,,
Campo1,POCO1,ZP1,1,1/12/1991,,,,,,,,,
Campo1,POCO1,ZP1,1,1/1/1992,45.21,,3.64,45.21,,,,,386.0
Campo1,POCO1,ZP1,1,1/2/1992,99.61,,8.04,41.36,,,,,693.0
Campo1,POCO1,ZP1,1,1/3/1992,99.83,,10.26,0.23,,,,,743.0
Campo1,POCO1,ZP1,1,1/4/1992,90.04,,11.12,0.0,,,,,720.0
Campo1,POCO1,ZP1,1,1/5/1992,106.95,,13.7,0.52,,,,,744.0
Campo1,POCO1,ZP1,1,1/6/1992,99.53,,11.74,0.44,,,,,718.0
Campo1,POCO1,ZP1,1,1/7/1992,99.98,,7.19,0.21,,,,,744.0
Campo1,POCO1,ZP1,1,1/8/1992,98.65,,7.9,0.31,,,,,734.0
Campo1,POCO1,ZP1,1,1/9/1992,98.15,,13.87,0.4,,,,,709.0
Campo1,POCO1,ZP1,1,1/10/1992,99.53,,14.97,0.69,,,,,741.0
Campo1,POCO1,ZP1,1,1/11/1992,99.0,,14.1,2.05,,,,,713.0
Campo1,POCO1,ZP1,1,1/12/1992,98.51,,14.43,2.45,,,,,733.0
Campo1,POCO1,ZP1,1,1/1/1993,99.75,,13.77,2.39,,,,,741.78
Campo1,POCO1,ZP1,1,1/2/1993,99.71,,14.04,2.4,,,,,669.0
Campo1,POCO1,ZP1,1,1/3/1993,98.77,,13.54,2.37,,,,,735.0
Campo1,POCO1,ZP1,1,1/4/1993,99.97,,13.81,2.4,,,,,720.0
Campo1,POCO1,ZP1,1,1/5/1993,97.99,,12.28,2.35,,,,,739.18
Campo1,POCO1,ZP1,1,1/6/1993,100.35,,11.09,1.32,,,,,720.0
Campo1,POCO1,ZP1,1,1/7/1993,99.94,,8.8,0.4,,,,,743.65
Campo1,POCO1,ZP1,1,1/8/1993,98.15,,5.97,0.29,,,,,744.0
Campo1,POCO1,ZP1,1,1/9/1993,79.04,,4.73,0.22,,,,,620.08
Campo1,POCO1,ZP1,1,1/10/1993,99.79,,7.0,0.28,,,,,742.33
Campo1,POCO1,ZP1,1,1/11/1993,89.99,,9.78,0.21,,,,,719.75
Campo1,POCO1,ZP1,1,1/12/1993,85.51,,13.17,0.25,,,,,742.17
Campo1,POCO1,ZP1,1,1/1/1994,81.56,,12.69,0.1,,,,,741.98
Campo1,POCO1,ZP1,1,1/2/1994,89.6,,13.34,0.1,,,,,671.42
Campo1,POCO1,ZP1,1,1/3/1994,76.8,,11.81,0.08,,,,,736.0
Campo1,POCO1,ZP1,1,1/4/1994,106.17,,10.29,0.0,,,,,720.0
Campo1,POCO1,ZP1,1,1/5/1994,128.56,,12.95,0.0,,,,,739.75
Campo1,POCO1,ZP1,1,1/6/1994,128.57,,15.65,1.37,,,,,719.5
Campo1,POCO1,ZP1,1,1/7/1994,102.84,,18.16,2.89,,,,,728.1
Campo1,POCO1,ZP1,1,1/8/1994,115.1,,19.3,2.34,,,,,739.4
Campo1,POCO1,ZP1,1,1/9/1994,87.63,,9.38,0.14,,,,,636.65
Campo1,POCO1,ZP1,1,1/10/1994,78.72,,9.9,0.1,,,,,630.08
Campo1,POCO1,ZP1,1,1/11/1994,83.41,,10.35,0.12,,,,,636.43
Campo1,POCO1,ZP1,1,1/12/1994,95.37,,10.31,0.11,,,,,744.0
Campo1,POCO1,ZP1,1,1/1/1995,93.84,,12.4,0.12,,,,,735.0
Campo1,POCO1,ZP1,1,1/2/1995,95.23,,11.25,0.05,,,,,650.82
Campo1,POCO1,ZP1,1,1/3/1995,96.93,,9.0,0.0,,,,,743.83
Campo1,POCO1,ZP1,1,1/4/1995,82.81,,7.42,0.0,,,,,718.52
Campo1,POCO1,ZP1,1,1/5/1995,11.92,,1.1,0.0,,,,,106.53
Campo1,POCO1,ZP1,1,1/6/1995,84.33,,5.99,0.0,,,,,677.3
Campo1,POCO1,ZP1,1,1/7/1995,87.49,,6.37,0.0,,,,,663.63
Campo1,POCO1,ZP1,1,1/8/1995,97.2,,7.6,0.0,,,,,736.33
Campo1,POCO1,ZP1,1,1/9/1995,96.45,,7.67,0.0,,,,,700.0
Campo1,POCO1,ZP1,1,1/10/1995,97.15,,9.73,0.0,,,,,737.77
Campo1,POCO1,ZP1,1,1/11/1995,99.14,,11.73,0.0,,,,,720.0
Campo1,POCO1,ZP1,1,1/12/1995,99.69,,12.77,0.0,,,,,744.0
Campo1,POCO1,ZP1,1,1/1/1996,88.32,,10.14,0.0,,,,,744.0
Campo1,POCO1,ZP1,1,1/2/1996,89.93,,9.56,0.0,,,,,696.0
Campo1,POCO1,ZP1,1,1/3/1996,90.13,,9.47,0.0,,,,,725.15
Campo1,POCO1,ZP1,1,1/4/1996,87.6,,9.37,0.0,,,,,678.42
Campo1,POCO1,ZP1,1,1/5/1996,92.77,,9.83,0.0,,,,,742.3
Campo1,POCO1,ZP1,1,1/6/1996,95.1,,8.89,0.0,,,,,698.87
Campo1,POCO1,ZP1,1,1/7/1996,99.56,,9.25,0.0,,,,,744.0
Campo1,POCO1,ZP1,1,1/8/1996,96.26,,8.75,0.0,,,,,735.82
Campo1,POCO1,ZP1,1,1/9/1996,99.7,,8.84,0.0,,,,,720.0
Campo1,POCO1,ZP1,1,1/10/1996,97.77,,8.52,0.0,,,,,740.57
Campo1,POCO1,ZP1,1,1/11/1996,99.22,,9.77,0.0,,,,,720.0
Campo1,POCO1,ZP1,1,1/12/1996,98.45,,8.83,0.0,,,,,744.0
Campo1,POCO1,ZP1,1,1/1/1997,63.37,,6.24,0.0,,,,,496.73
Campo1,POCO1,ZP1,1,1/2/1997,98.0,,6.61,0.0,,,,,670.82
Campo1,POCO1,ZP1,1,1/3/1997,97.68,,7.47,0.0,,,,,744.0
Campo1,POCO1,ZP1,1,1/4/1997,92.53,,8.39,0.0,,,,,720.0
Campo1,POCO1,ZP1,1,1/5/1997,97.3,,6.57,0.0,,,,,737.82
Campo1,POCO1,ZP1,1,1/6/1997,96.93,,6.67,0.0,,,,,719.43
Campo1,POCO1,ZP1,1,1/7/1997,95.93,,7.43,0.0,,,,,734.68
Campo1,POCO1,ZP1,1,1/8/1997,98.32,,9.14,0.0,,,,,739.77
Campo1,POCO1,ZP1,1,1/9/1997,98.52,,9.42,0.0,,,,,710.47
Campo1,POCO1,ZP1,1,1/10/1997,98.75,,9.93,0.0,,,,,739.28
Campo1,POCO1,ZP1,1,1/11/1997,98.41,,9.81,0.0,,,,,712.27
Campo1,POCO1,ZP1,1,1/12/1997,99.37,,10.19,0.0,,,,,744.0
Campo1,POCO1,ZP1,1,1/1/1998,99.81,,12.0,0.0,,,,,742.95
Campo1,POCO1,ZP1,1,1/2/1998,99.1,,11.79,0.0,,,,,670.83
Campo1,POCO1,ZP1,1,1/3/1998,100.0,,11.09,0.0,,,,,744.0
Campo1,POCO1,ZP1,1,1/4/1998,92.32,,8.23,0.0,,,,,669.15
Campo1,POCO1,ZP1,1,1/5/1998,97.22,,8.64,0.0,,,,,740.1
Campo1,POCO1,ZP1,1,1/6/1998,83.75,,8.38,0.0,,,,,718.38
Campo1,POCO1,ZP1,1,1/7/1998,74.85,,6.5,0.0,,,,,648.83
Campo1,POCO1,ZP1,1,1/8/1998,85.61,,9.09,0.0,,,,,740.87
Campo1,POCO1,ZP1,1,1/9/1998,82.59,,8.94,0.0,,,,,720.0
Campo1,POCO1,ZP1,1,1/10/1998,92.91,,8.16,0.0,,,,,739.68
Campo1,POCO1,ZP1,1,1/11/1998,88.96,,6.53,0.0,,,,,667.97
Campo1,POCO1,ZP1,1,1/12/1998,128.75,,10.0,0.0,,,,,715.33
Campo1,POCO1,ZP1,1,1/1/1999,90.95,,8.21,0.0,,,,,741.68
Campo1,POCO1,ZP1,1,1/2/1999,89.41,,8.05,0.0,,,,,671.03
Campo1,POCO1,ZP1,1,1/3/1999,84.76,,9.2,0.0,,,,,719.72
Campo1,POCO1,ZP1,1,1/4/1999,84.83,,10.55,0.0,,,,,683.92
Campo1,POCO1,ZP1,1,1/5/1999,84.06,,10.22,0.0,,,,,690.78
Campo1,POCO1,ZP1,1,1/6/1999,92.85,,9.87,0.0,,,,,716.82
Campo1,POCO1,ZP1,1,1/7/1999,92.91,,9.65,0.0,,,,,743.83
Campo1,POCO1,ZP1,1,1/8/1999,94.98,,7.71,0.0,,,,,741.82
Campo1,POCO1,ZP1,1,1/9/1999,94.43,,8.44,0.0,,,,,720.0
Campo1,POCO1,ZP1,1,1/10/1999,85.32,,7.83,0.0,,,,,702.1
Campo1,POCO1,ZP1,1,1/11/1999,98.84,,9.76,0.0,,,,,720.0
Campo1,POCO1,ZP1,1,1/12/1999,96.91,,9.62,0.0,,,,,744.0
Campo1,POCO1,ZP1,1,1/1/2000,97.83,,7.43,0.0,,,,,744.0
Campo1,POCO1,ZP1,1,1/2/2000,93.55,,7.35,0.0,,,,,696.0
Campo1,POCO1,ZP1,1,1/3/2000,96.25,,7.08,0.0,,,,,742.22
Campo1,POCO1,ZP1,1,1/4/2000,95.94,,5.54,0.0,,,,,713.92
Campo1,POCO1,ZP1,1,1/5/2000,94.32,,6.85,0.0,,,,,741.43
Campo1,POCO1,ZP1,1,1/6/2000,97.15,,7.94,0.0,,,,,720.0
Campo1,POCO1,ZP1,1,1/7/2000,137.71,,12.95,0.0,,,,,740.7
Campo1,POCO1,ZP1,1,1/8/2000,116.67,,8.93,0.0,,,,,691.98
Campo1,POCO1,ZP1,1,1/9/2000,90.71,,8.09,0.0,,,,,687.6
Campo1,POCO1,ZP1,1,1/10/2000,66.43,,5.41,0.0,,,,,509.58
Campo1,POCO1,ZP1,1,1/11/2000,98.76,,9.98,0.0,,,,,715.32
Campo1,POCO1,ZP1,1,1/12/2000,96.44,,9.32,0.0,,,,,741.1
Campo1,POCO1,ZP1,1,1/1/2001,91.59,,10.23,0.0,,,,,739.48
Campo1,POCO1,ZP1,1,1/2/2001,78.8,,17.67,0.0,,,,,595.03
Campo1,POCO1,ZP1,1,1/3/2001,88.8,,22.32,0.0,,,,,718.4
Campo1,POCO1,ZP1,1,1/4/2001,79.74,,22.88,0.0,,,,,706.85
Campo1,POCO1,ZP1,1,1/5/2001,79.09,,19.38,0.0,,,,,654.88
Campo1,POCO1,ZP1,1,1/6/2001,79.06,,15.47,0.0,,,,,638.65
Campo1,POCO1,ZP1,1,1/7/2001,90.49,,25.21,0.0,,,,,738.6
Campo1,POCO1,ZP1,1,1/8/2001,83.37,,20.32,0.0,,,,,689.97
Campo1,POCO1,ZP1,1,1/9/2001,91.86,,15.69,0.0,,,,,714.57
Campo1,POCO1,ZP1,1,1/10/2001,88.11,,6.94,0.0,,,,,618.78
Campo1,POCO1,ZP1,1,1/11/2001,104.89,,9.22,0.0,,,,,693.93
Campo1,POCO1,ZP1,1,1/12/2001,104.86,,8.78,0.0,,,,,736.73
Campo1,POCO1,ZP1,1,1/1/2002,107.31,,8.94,0.0,,,,,731.77
Campo1,POCO1,ZP1,1,1/2/2002,109.08,,10.02,0.0,,,,,669.32
Campo1,POCO1,ZP1,1,1/3/2002,101.33,,8.92,0.0,,,,,707.93
Campo1,POCO1,ZP1,1,1/4/2002,106.44,,8.57,0.0,,,,,717.2
Campo1,POCO1,ZP1,1,1/5/2002,327.38,,27.48,0.0,,,,,613.33
Campo1,POCO1,ZP1,1,1/6/2002,480.43,,34.63,0.0,,,,,713.35
Campo1,POCO1,ZP1,1,1/7/2002,473.91,,41.6,0.0,,,,,740.68
Campo1,POCO1,ZP1,1,1/8/2002,476.33,,36.85,0.0,,,,,736.1
Campo1,POCO1,ZP1,1,1/9/2002,468.6,,109.86,17.42,,,,,716.62
Campo1,POCO1,ZP1,1,1/10/2002,456.21,,115.4,9.2,,,,,710.13
Campo1,POCO1,ZP1,1,1/11/2002,175.25,,51.21,2.46,,,,,264.38
Campo1,POCO1,ZP1,1,1/12/2002,383.21,,77.8,5.96,,,,,614.65
Campo1,POCO1,ZP1,1,1/1/2003,433.55,,73.26,8.79,,,,,713.17
Campo1,POCO1,ZP1,1,1/2/2003,467.12,,158.18,9.47,,,,,668.35
Campo1,POCO1,ZP1,1,1/3/2003,441.96,,121.5,8.94,,,,,697.1
Campo1,POCO1,ZP1,1,1/4/2003,471.17,,142.23,9.54,,,,,706.52
Campo1,POCO1,ZP1,1,1/5/2003,475.65,,117.11,9.63,,,,,741.63
Campo1,POCO1,ZP1,1,1/6/2003,468.97,,137.2,14.09,,,,,705.98
Campo1,POCO1,ZP1,1,1/7/2003,423.22,,162.46,16.36,,,,,739.02
Campo1,POCO1,ZP1,1,1/8/2003,422.23,,153.18,20.83,,,,,744.0
Campo1,POCO1,ZP1,1,1/9/2003,386.39,,145.45,16.04,,,,,697.93
Campo1,POCO1,ZP1,1,1/10/2003,399.98,,154.14,16.6,,,,,741.67
Campo1,POCO1,ZP1,1,1/11/2003,356.52,,116.9,55.4,,,,,653.3
Campo1,POCO1,ZP1,1,1/12/2003,375.9,,114.22,140.4,,,,,734.07
Campo1,POCO1,ZP1,1,1/1/2004,360.25,,142.56,134.57,,,,,717.48
Campo1,POCO1,ZP1,1,1/2/2004,314.09,,145.57,21.78,,,,,689.17
Campo1,POCO1,ZP1,1,1/3/2004,311.19,,120.89,17.71,,,,,730.85
Campo1,POCO1,ZP1,1,1/4/2004,415.5,,184.23,20.11,,,,,718.85
Campo1,POCO1,ZP1,1,1/5/2004,459.95,,152.47,14.19,,,,,739.02
Campo1,POCO1,ZP1,1,1/6/2004,463.82,,130.98,14.31,,,,,711.98
Campo1,POCO1,ZP1,1,1/7/2004,461.14,,117.93,14.22,,,,,740.4
Campo1,POCO1,ZP1,1,1/8/2004,384.1,,66.14,38.71,,,,,741.15
Campo1,POCO1,ZP1,1,1/9/2004,230.25,,22.73,43.67,,,,,716.68
Campo1,POCO1,ZP1,1,1/10/2004,91.13,,7.73,42.3,,,,,432.0
Campo1,POCO1,ZP1,1,1/11/2004,0.0,,0.0,0.0,,,,,0.0
Campo1,POCO1,ZP1,1,1/12/2004,149.16,,25.64,112.76,,,,,394.85
Campo1,POCO1,ZP1,1,1/1/2005,307.31,,45.69,237.56,,,,,738.63
Campo1,POCO1,ZP1,1,1/2/2005,307.57,,48.39,208.54,,,,,670.52
Campo1,POCO1,ZP1,1,1/3/2005,238.43,,30.49,88.18,,,,,435.5
Campo1,POCO1,ZP1,1,1/4/2005,337.34,,45.63,124.77,,,,,621.33
Campo1,POCO1,ZP1,1,1/5/2005,372.29,,68.55,200.96,,,,,738.97
Campo1,POCO1,ZP1,1,1/6/2005,321.64,,74.65,270.69,,,,,718.02
Campo1,POCO1,ZP1,1,1/7/2005,301.88,,77.03,254.06,,,,,740.97
Campo1,POCO1,ZP1,1,1/8/2005,312.79,,75.87,263.24,,,,,732.7
Campo1,POCO1,ZP1,1,1/9/2005,324.12,,76.41,272.78,,,,,719.53
Campo1,POCO1,ZP1,1,1/10/2005,341.41,,114.46,267.39,,,,,743.02
Campo1,POCO1,ZP1,1,1/11/2005,344.36,,134.12,263.07,,,,,715.85
Campo1,POCO1,ZP1,1,1/12/2005,337.97,,144.7,365.21,,,,,742.87
Campo1,POCO1,ZP1,1,1/1/2006,303.84,,135.35,378.04,,,,,703.15
Campo1,POCO1,ZP1,1,1/2/2006,301.7,,128.47,409.85,,,,,667.42
Campo1,POCO1,ZP1,1,1/3/2006,303.63,,125.35,412.48,,,,,740.75
Campo1,POCO1,ZP1,1,1/4/2006,269.14,,102.13,497.43,,,,,711.02
Campo1,POCO1,ZP1,1,1/5/2006,236.78,,116.99,490.14,,,,,743.43
Campo1,POCO1,ZP1,1,1/6/2006,253.12,,111.73,551.99,,,,,717.48
Campo1,POCO1,ZP1,1,1/7/2006,243.67,,92.47,552.07,,,,,744.0
Campo1,POCO1,ZP1,1,1/8/2006,216.84,,71.04,508.38,,,,,738.42
Campo1,POCO1,ZP1,1,1/9/2006,112.88,,10.16,201.04,,,,,714.35
Campo1,POCO1,ZP1,1,1/10/2006,112.7,,4.67,187.02,,,,,744.0
Campo1,POCO1,ZP1,1,1/11/2006,130.89,,4.51,217.22,,,,,719.6
Campo1,POCO1,ZP1,1,1/12/2006,206.46,,8.29,342.63,,,,,743.93
Campo1,POCO1,ZP1,1,1/1/2007,144.38,,4.72,239.61,,,,,740.93
Campo1,POCO1,ZP1,1,1/2/2007,169.73,,7.46,281.68,,,,,672.0
Campo1,POCO1,ZP1,1,1/3/2007,138.55,,5.2,229.93,,,,,742.62
Campo1,POCO1,ZP1,1,1/4/2007,125.86,,4.55,208.86,,,,,716.87
Campo1,POCO1,ZP1,1,1/5/2007,96.9,,3.55,160.8,,,,,740.88
Campo1,POCO1,ZP1,1,1/6/2007,69.16,,4.85,118.29,,,,,526.93
Campo1,POCO1,ZP1,1,1/7/2007,124.29,,24.65,230.81,,,,,713.53
Campo1,POCO1,ZP1,1,1/8/2007,126.5,,20.16,234.93,,,,,734.37
Campo1,POCO1,ZP1,1,1/9/2007,129.17,,18.26,239.88,,,,,719.53
Campo1,POCO1,ZP1,1,1/10/2007,155.35,,29.85,338.96,,,,,742.82
Campo1,POCO1,ZP1,1,1/11/2007,199.04,,51.06,601.66,,,,,717.05
Campo1,POCO1,ZP1,1,1/12/2007,196.11,,53.07,607.61,,,,,741.53
Campo1,POCO1,ZP1,1,1/1/2008,192.81,,65.88,597.39,,,,,735.77
Campo1,POCO1,ZP1,1,1/2/2008,197.89,,69.89,613.12,,,,,696.0
Campo1,POCO1,ZP1,1,1/3/2008,195.6,,60.48,594.63,,,,,734.22
Campo1,POCO1,ZP1,1,1/4/2008,208.05,,108.51,592.15,,,,,714.85
Campo1,POCO1,ZP1,1,1/5/2008,197.1,,107.18,560.97,,,,,693.35
Campo1,POCO1,ZP1,1,1/6/2008,214.4,,110.9,610.22,,,,,719.57
Campo1,POCO1,ZP1,1,1/7/2008,214.7,,104.62,611.06,,,,,732.8
Campo1,POCO1,ZP1,1,1/8/2008,220.08,,136.45,649.62,,,,,744.0
Campo1,POCO1,ZP1,1,1/9/2008,157.4,,93.48,467.19,,,,,502.62
Campo1,POCO1,ZP1,1,1/10/2008,192.97,,82.42,589.52,,,,,741.55
Campo1,POCO1,ZP1,1,1/11/2008,136.83,,42.59,526.6,,,,,685.38
Campo1,POCO1,ZP1,1,1/12/2008,87.92,,27.59,366.32,,,,,741.53
Campo1,POCO1,ZP1,1,1/1/2009,142.46,,27.25,636.15,,,,,743.57
Campo1,POCO1,ZP1,1,1/2/2009,145.02,,30.12,656.21,,,,,668.65
Campo1,POCO1,ZP1,1,1/3/2009,165.11,,35.55,566.64,,,,,742.55
Campo1,POCO1,ZP1,1,1/4/2009,179.5,,55.35,559.18,,,,,717.77
Campo1,POCO1,ZP1,1,1/5/2009,169.76,,78.23,559.33,,,,,743.32
Campo1,POCO1,ZP1,1,1/6/2009,149.28,,111.41,600.87,,,,,720.0
Campo1,POCO1,ZP1,1,1/7/2009,145.26,,80.53,584.69,,,,,734.52
Campo1,POCO1,ZP1,1,1/8/2009,148.98,,84.24,599.67,,,,,742.2
Campo1,POCO1,ZP1,1,1/9/2009,147.72,,103.48,594.6,,,,,719.58
Campo1,POCO1,ZP1,1,1/10/2009,77.28,,59.49,311.07,,,,,496.6
Campo1,POCO1,ZP1,1,1/11/2009,71.19,,47.48,286.55,,,,,511.08
Campo1,POCO1,ZP1,1,1/12/2009,109.86,,63.97,442.19,,,,,719.82
Campo1,POCO1,ZP1,1,1/1/2010,127.79,,27.95,470.76,,,,,744.0
Campo1,POCO1,ZP1,1,1/2/2010,140.25,,18.16,497.25,,,,,668.45
Campo1,POCO1,ZP1,1,1/3/2010,147.12,,30.41,569.65,,,,,743.5
Campo1,POCO1,ZP1,1,1/4/2010,146.24,,42.2,612.89,,,,,719.53
Campo1,POCO1,ZP1,1,1/5/2010,135.73,,41.41,559.31,,,,,718.22
Campo1,POCO1,ZP1,1,1/6/2010,149.03,,54.64,607.47,,,,,719.53
Campo1,POCO1,ZP1,1,1/7/2010,132.23,,78.69,645.63,,,,,732.38
Campo1,POCO1,ZP1,1,1/8/2010,129.95,,78.53,668.31,,,,,741.72
Campo1,POCO1,ZP1,1,1/9/2010,129.68,,69.13,661.07,,,,,702.9
Campo1,POCO1,ZP1,1,1/10/2010,108.73,,59.73,554.25,,,,,668.6
Campo1,POCO1,ZP1,1,1/11/2010,17.44,,10.48,88.9,,,,,456.0
Campo1,POCO1,ZP1,1,1/12/2010,3.3,,2.1,16.8,,,,,144.0
Campo1,POCO1,ZP1,1,1/1/2011,15.21,,8.73,77.55,,,,,144.0
Campo1,POCO1,ZP1,1,1/2/2011,12.1,,6.36,61.67,,,,,95.92
Campo1,POCO1,ZP1,1,1/3/2011,5.92,,3.21,30.19,,,,,30.67
Campo1,POCO1,ZP1,1,1/4/2011,0.0,,0.0,0.0,,,,,0.0
Campo1,POCO1,ZP1,1,1/5/2011,0.0,,0.0,0.0,,,,,0.0
Campo1,POCO1,ZP1,1,1/6/2011,0.0,,0.0,0.0,,,,,0.0
Campo1,POCO1,ZP1,1,1/7/2011,0.0,,0.0,0.0,,,,,0.0
Campo1,POCO1,ZP1,1,1/8/2011,0.0,,0.0,0.0,,,,,0.0
Campo1,POCO1,ZP1,1,1/9/2011,0.0,,0.0,0.0,,,,,0.0
Campo1,POCO1,ZP1,1,1/10/2011,0.0,,0.0,0.0,,,,,0.0
Campo1,POCO1,ZP1,1,1/11/2011,0.0,,0.0,0.0,,,,,0.0
Campo1,POCO1,ZP1,1,1/12/2011,0.0,,0.0,0.0,,,,,0.0
Campo1,POCO1,ZP1,1,1/1/2012,0.0,,0.0,0.0,,,,,0.0
Campo1,POCO1,ZP1,1,1/2/2012,0.0,,0.0,0.0,,,,,0.0
Campo1,POCO1,ZP1,1,1/3/2012,0.0,,0.0,0.0,,,,,0.0
Campo1,POCO1,ZP1,1,1/4/2012,0.0,,0.0,0.0,,,,,0.0
Campo1,POCO1,ZP1,1,1/5/2012,0.0,,0.0,0.0,,,,,0.0
Campo1,POCO1,ZP1,1,1/6/2012,0.0,,0.0,0.0,,,,,0.0
Campo1,POCO1,ZP1,1,1/7/2012,0.0,,0.0,0.0,,,,,0.0
Campo1,POCO1,ZP1,1,1/8/2012,0.0,,0.0,0.0,,,,,0.0
Campo1,POCO1,ZP1,1,1/9/2012,,,,,,,,,
Campo1,POCO1,ZP1,1,1/10/2012,,,,,,,,,
Campo1,POCO1,ZP1,1,1/11/2012,,,,,,,,,
Campo1,POCO1,ZP1,1,1/12/2012,,,,,,,,,
Campo1,POCO1,ZP1,1,1/1/2013,,,,,,,,,
Campo1,POCO1,ZP1,1,1/2/2013,,,,,,,,,
Campo1,POCO1,ZP1,1,1/3/2013,,,,,,,,,
Campo1,POCO1,ZP1,1,1/4/2013,,,,,,,,,
Campo1,POCO1,ZP1,1,1/5/2013,,,,,,,,,
Campo1,POCO1,ZP1,1,1/6/2013,,,,,,,,,
Campo1,POCO1,ZP1,1,1/7/2013,,,,,,,,,
Campo1,POCO1,ZP1,1,1/8/2013,,,,,,,,,
Campo1,POCO1,ZP1,1,1/9/2013,,,,,,,,,
Campo1,POCO1,ZP1,1,1/10/2013,,,,,,,,,
Campo1,POCO1,ZP1,1,1/11/2013,,,,,,,,,
Campo1,POCO1,ZP1,1,1/12/2013,,,,,,,,,
Campo1,POCO1,ZP1,1,1/1/2014,,,,,,,,,
Campo1,POCO1,ZP1,1,1/2/2014,,,,,,,,,
Campo1,POCO1,ZP1,1,1/3/2014,,,,,,,,,
Campo1,POCO1,ZP1,1,1/4/2014,,,,,,,,,
Campo1,POCO1,ZP1,1,1/5/2014,,,,,,,,,
Campo1,POCO1,ZP1,1,1/6/2014,,,,,,,,,
Campo1,POCO1,ZP1,1,1/7/2014,,,,,,,,,
Campo1,POCO1,ZP1,1,1/8/2014,,,,,,,,,
Campo1,POCO1,ZP1,1,1/9/2014,,,,,,,,,
Campo1,POCO1,ZP1,1,1/10/2014,,,,,,,,,
Campo1,POCO1,ZP1,1,1/11/2014,,,,,,,,,
Campo1,POCO1,ZP1,1,1/12/2014,,,,,,,,,
Campo1,POCO1,ZP1,1,1/1/2015,,,,,,,,,
Campo1,POCO1,ZP1,1,1/2/2015,,,,,,,,,
Campo1,POCO1,ZP1,1,1/3/2015,,,,,,,,,
Campo1,POCO1,ZP1,1,1/4/2015,,,,,,,,,
Campo1,POCO1,ZP1,1,1/5/2015,,,,,,,,,
Campo1,POCO1,ZP1,1,1/6/2015,,,,,,,,,
Campo1,POCO1,ZP1,1,1/7/2015,,,,,,,,,
Campo1,POCO1,ZP1,1,1/8/2015,,,,,,,,,
Campo1,POCO1,ZP1,1,1/9/2015,,,,,,,,,
Campo1,POCO1,ZP1,1,1/10/2015,,,,,,,,,
Campo1,POCO1,ZP1,1,1/11/2015,,,,,,,,,
Campo1,POCO1,ZP1,1,1/12/2015,,,,,,,,,
Campo1,POCO1,ZP1,1,1/1/2016,,,,,,,,,
Campo1,POCO1,ZP1,1,1/2/2016,,,,,,,,,
Campo1,POCO1,ZP1,1,1/3/2016,,,,,,,,,
Campo1,POCO1,ZP1,1,1/4/2016,,,,,,,,,
Campo1,POCO1,ZP1,1,1/5/2016,,,,,,,,,
Campo1,POCO1,ZP1,1,1/6/2016,,,,,,,,,
Campo1,POCO1,ZP1,1,1/7/2016,,,,,,,,,
Campo1,POCO1,ZP1,1,1/8/2016,,,,,,,,,
Campo1,POCO1,ZP1,1,1/9/2016,,,,,,,,,
Campo1,POCO1,ZP1,1,1/10/2016,,,,,,,,,
Campo1,POCO1,ZP1,1,1/11/2016,,,,,,,,,
Campo1,POCO1,ZP1,1,1/12/2016,,,,,,,,,
Campo1,POCO1,ZP1,1,1/1/2017,,,,,,,,,
Campo1,POCO1,ZP1,1,1/2/2017,,,,,,,,,
Campo1,POCO1,ZP1,1,1/3/2017,,,,,,,,,
Campo1,POCO1,ZP1,1,1/4/2017,,,,,,,,,
Campo1,POCO1,ZP1,1,1/5/2017,,,,,,,,,
Campo1,POCO1,ZP1,1,1/6/2017,,,,,,,,,
Campo1,POCO1,ZP1,1,1/7/2017,,,,,,,,,
Campo1,POCO1,ZP1,1,1/8/2017,,,,,,,,,
Campo1,POCO1,ZP1,1,1/9/2017,,,,,,,,,
Campo1,POCO1,ZP1,1,1/10/2017,,,,,,,,,
Campo1,POCO1,ZP1,1,1/11/2017,,,,,,,,,
Campo1,POCO1,ZP1,1,1/12/2017,,,,,,,,,
Campo1,POCO1,ZP1,1,1/1/2018,,,,,,,,,
Campo1,POCO1,ZP1,1,1/2/2018,,,,,,,,,
Campo1,POCO1,ZP1,1,1/3/2018,,,,,,,,,
Campo1,POCO1,ZP1,1,1/4/2018,,,,,,,,,
Campo1,POCO1,ZP1,1,1/5/2018,,,,,,,,,
Campo1,POCO1,ZP1,1,1/6/2018,,,,,,,,,
Campo1,POCO1,ZP1,1,1/7/2018,,,,,,,,,
Campo1,POCO1,ZP1,1,1/8/2018,,,,,,,,,
Campo1,POCO1,ZP1,1,1/9/2018,,,,,,,,,
Campo1,POCO1,ZP1,1,1/10/2018,,,,,,,,,
Campo1,POCO1,ZP1,1,1/11/2018,,,,,,,,,
Campo1,POCO1,ZP1,1,1/12/2018,,,,,,,,,
Campo1,POCO1,ZP1,1,1/1/2019,,,,,,,,,
Campo1,POCO1,ZP1,1,1/2/2019,,,,,,,,,
Campo1,POCO1,ZP1,1,1/3/2019,,,,,,,,,
Campo1,POCO1,ZP1,1,1/4/2019,,,,,,,,,
Campo1,POCO1,ZP1,1,1/5/2019,,,,,,,,,
Campo1,POCO2,ZP1,1,1/5/1980,238.05,,23.81,0.0,,,,,279.0
Campo1,POCO2,ZP1,1,1/6/1980,263.8,,27.14,0.0,,,,,338.0
Campo1,POCO2,ZP1,1,1/7/1980,795.32,,88.28,0.0,,,,,700.0
Campo1,POCO2,ZP1,1,1/8/1980,1055.15,,117.12,0.0,,,,,659.0
Campo1,POCO2,ZP1,1,1/9/1980,272.43,,30.24,0.0,,,,,154.0
Campo1,POCO2,ZP1,1,1/10/1980,0.0,,0.0,0.0,,,,,0.0
Campo1,POCO2,ZP1,1,1/11/1980,,,,,,,,,
Campo1,POCO2,ZP1,1,1/12/1980,,,,,,,,,
Campo1,POCO2,ZP1,1,1/1/1981,0.0,,0.0,0.0,,,,,0.0
Campo1,POCO2,ZP1,1,1/2/1981,893.84,,99.22,0.0,,,,,511.0
Campo1,POCO2,ZP1,1,1/3/1981,1120.82,,124.41,0.0,,,,,713.0
Campo1,POCO2,ZP1,1,1/4/1981,572.32,,63.53,0.0,,,,,352.0
Campo1,POCO2,ZP1,1,1/5/1981,1085.88,,120.53,0.0,,,,,704.0
Campo1,POCO2,ZP1,1,1/6/1981,1075.35,,119.36,0.0,,,,,673.0
Campo1,POCO2,ZP1,1,1/7/1981,1020.6,,113.29,0.0,,,,,675.0
Campo1,POCO2,ZP1,1,1/8/1981,1099.5,,122.04,0.0,,,,,738.0
Campo1,POCO2,ZP1,1,1/9/1981,478.22,,53.08,0.0,,,,,320.0
Campo1,POCO2,ZP1,1,1/10/1981,878.5,,97.52,0.0,,,,,619.0
Campo1,POCO2,ZP1,1,1/11/1981,904.58,,100.41,0.0,,,,,655.0
Campo1,POCO2,ZP1,1,1/12/1981,565.08,,62.72,0.0,,,,,418.0
Campo1,POCO2,ZP1,1,1/1/1982,750.38,,83.29,0.0,,,,,563.0
Campo1,POCO2,ZP1,1,1/2/1982,666.94,,74.03,0.0,,,,,452.0
Campo1,POCO2,ZP1,1,1/3/1982,803.53,,89.19,0.0,,,,,637.0
Campo1,POCO2,ZP1,1,1/4/1982,956.51,,99.28,0.0,,,,,714.0
Campo1,POCO2,ZP1,1,1/5/1982,988.15,,88.93,0.0,,,,,726.0
Campo1,POCO2,ZP1,1,1/6/1982,948.2,,85.34,0.0,,,,,718.0
Campo1,POCO2,ZP1,1,1/7/1982,896.18,,80.66,0.0,,,,,714.0
Campo1,POCO2,ZP1,1,1/8/1982,815.29,,73.38,0.0,,,,,680.0
Campo1,POCO2,ZP1,1,1/9/1982,836.39,,75.27,0.0,,,,,717.0
Campo1,POCO2,ZP1,1,1/10/1982,702.77,,63.25,0.0,,,,,738.0
Campo1,POCO2,ZP1,1,1/11/1982,620.0,,55.8,0.0,,,,,720.0
Campo1,POCO2,ZP1,1,1/12/1982,620.0,,57.42,0.0,,,,,744.0
Campo1,POCO2,ZP1,1,1/1/1983,717.58,,83.96,0.0,,,,,690.0
Campo1,POCO2,ZP1,1,1/2/1983,776.66,,90.87,0.0,,,,,669.0
Campo1,POCO2,ZP1,1,1/3/1983,775.48,,90.73,0.0,,,,,744.0
Campo1,POCO2,ZP1,1,1/4/1983,770.0,,90.09,0.0,,,,,720.0
Campo1,POCO2,ZP1,1,1/5/1983,695.53,,81.38,0.0,,,,,706.0
Campo1,POCO2,ZP1,1,1/6/1983,705.33,,79.01,0.0,,,,,720.0
Campo1,POCO2,ZP1,1,1/7/1983,664.33,,63.81,0.0,,,,,729.0
Campo1,POCO2,ZP1,1,1/8/1983,663.69,,71.64,0.0,,,,,744.0
Campo1,POCO2,ZP1,1,1/9/1983,654.33,,76.76,0.0,,,,,713.0
Campo1,POCO2,ZP1,1,1/10/1983,659.29,,66.26,0.0,,,,,741.0
Campo1,POCO2,ZP1,1,1/11/1983,646.63,,64.93,0.0,,,,,718.0
Campo1,POCO2,ZP1,1,1/12/1983,630.32,,64.08,0.0,,,,,722.0
Campo1,POCO2,ZP1,1,1/1/1984,621.1,,64.43,0.0,,,,,731.0
Campo1,POCO2,ZP1,1,1/2/1984,627.43,,64.91,0.0,,,,,694.0
Campo1,POCO2,ZP1,1,1/3/1984,596.54,,72.25,0.0,,,,,744.0
Campo1,POCO2,ZP1,1,1/4/1984,594.14,,59.73,0.0,,,,,713.0
Campo1,POCO2,ZP1,1,1/5/1984,99.79,,9.67,0.0,,,,,191.0
Campo1,POCO2,ZP1,1,1/6/1984,0.0,,0.0,0.0,,,,,0.0
Campo1,POCO2,ZP1,1,1/7/1984,,,,,,,,,
Campo1,POCO2,ZP1,1,1/8/1984,,,,,,,,,
Campo1,POCO2,ZP1,1,1/9/1984,,,,,,,,,
Campo1,POCO2,ZP1,1,1/10/1984,,,,,,,,,
Campo1,POCO2,ZP1,1,1/11/1984,,,,,,,,,
Campo1,POCO2,ZP1,1,1/12/1984,,,,,,,,,
Campo1,POCO2,ZP1,1,1/1/1985,,,,,,,,,
Campo1,POCO2,ZP1,1,1/2/1985,,,,,,,,,
Campo1,POCO2,ZP1,1,1/3/1985,,,,,,,,,
Campo1,POCO2,ZP1,1,1/4/1985,,,,,,,,,
Campo1,POCO2,ZP1,1,1/5/1985,,,,,,,,,
Campo1,POCO2,ZP1,1,1/6/1985,,,,,,,,,
Campo1,POCO2,ZP1,1,1/7/1985,,,,,,,,,
Campo1,POCO2,ZP1,1,1/8/1985,,,,,,,,,
Campo1,POCO2,ZP1,1,1/9/1985,,,,,,,,,
Campo1,POCO2,ZP1,1,1/10/1985,,,,,,,,,
Campo1,POCO2,ZP1,1,1/11/1985,,,,,,,,,
Campo1,POCO2,ZP1,1,1/12/1985,,,,,,,,,
Campo1,POCO2,ZP1,1,1/1/1986,,,,,,,,,
Campo1,POCO2,ZP1,1,1/2/1986,,,,,,,,,
Campo1,POCO2,ZP1,1,1/3/1986,,,,,,,,,
Campo1,POCO2,ZP1,1,1/4/1986,,,,,,,,,
Campo1,POCO2,ZP1,1,1/5/1986,,,,,,,,,
Campo1,POCO2,ZP1,1,1/6/1986,,,,,,,,,
Campo1,POCO2,ZP1,1,1/7/1986,,,,,,,,,
Campo1,POCO2,ZP1,1,1/8/1986,,,,,,,,,
Campo1,POCO2,ZP1,1,1/9/1986,,,,,,,,,
Campo1,POCO2,ZP1,1,1/10/1986,,,,,,,,,
Campo1,POCO2,ZP1,1,1/11/1986,,,,,,,,,
Campo1,POCO2,ZP1,1,1/12/1986,,,,,,,,,
Campo1,POCO2,ZP1,1,1/1/1987,,,,,,,,,
Campo1,POCO2,ZP1,1,1/2/1987,,,,,,,,,
Campo1,POCO2,ZP1,1,1/3/1987,,,,,,,,,
Campo1,POCO2,ZP1,1,1/4/1987,,,,,,,,,
Campo1,POCO2,ZP1,1,1/5/1987,,,,,,,,,
Campo1,POCO2,ZP1,1,1/6/1987,,,,,,,,,
Campo1,POCO2,ZP1,1,1/7/1987,,,,,,,,,
Campo1,POCO2,ZP1,1,1/8/1987,,,,,,,,,
Campo1,POCO2,ZP1,1,1/9/1987,,,,,,,,,
Campo1,POCO2,ZP1,1,1/10/1987,,,,,,,,,
Campo1,POCO2,ZP1,1,1/11/1987,,,,,,,,,
Campo1,POCO2,ZP1,1,1/12/1987,,,,,,,,,
Campo1,POCO2,ZP1,1,1/1/1988,,,,,,,,,
Campo1,POCO2,ZP1,1,1/2/1988,,,,,,,,,
Campo1,POCO2,ZP1,1,1/3/1988,,,,,,,,,
Campo1,POCO2,ZP1,1,1/4/1988,,,,,,,,,
Campo1,POCO2,ZP1,1,1/5/1988,,,,,,,,,
Campo1,POCO2,ZP1,1,1/6/1988,,,,,,,,,
Campo1,POCO2,ZP1,1,1/7/1988,,,,,,,,,
Campo1,POCO2,ZP1,1,1/8/1988,,,,,,,,,
Campo1,POCO2,ZP1,1,1/9/1988,,,,,,,,,
Campo1,POCO2,ZP1,1,1/10/1988,,,,,,,,,
Campo1,POCO2,ZP1,1,1/11/1988,,,,,,,,,
Campo1,POCO2,ZP1,1,1/12/1988,,,,,,,,,
Campo1,POCO2,ZP1,1,1/1/1989,,,,,,,,,
Campo1,POCO2,ZP1,1,1/2/1989,,,,,,,,,
Campo1,POCO2,ZP1,1,1/3/1989,,,,,,,,,
Campo1,POCO2,ZP1,1,1/4/1989,,,,,,,,,
Campo1,POCO2,ZP1,1,1/5/1989,,,,,,,,,
Campo1,POCO2,ZP1,1,1/6/1989,,,,,,,,,
Campo1,POCO2,ZP1,1,1/7/1989,,,,,,,,,
Campo1,POCO2,ZP1,1,1/8/1989,,,,,,,,,
Campo1,POCO2,ZP1,1,1/9/1989,,,,,,,,,
Campo1,POCO2,ZP1,1,1/10/1989,,,,,,,,,
Campo1,POCO2,ZP1,1,1/11/1989,,,,,,,,,
Campo1,POCO2,ZP1,1,1/12/1989,,,,,,,,,
Campo1,POCO2,ZP1,1,1/1/1990,,,,,,,,,
Campo1,POCO2,ZP1,1,1/2/1990,,,,,,,,,
Campo1,POCO2,ZP1,1,1/3/1990,,,,,,,,,
Campo1,POCO2,ZP1,1,1/4/1990,,,,,,,,,
Campo1,POCO2,ZP1,1,1/5/1990,,,,,,,,,
Campo1,POCO2,ZP1,1,1/6/1990,,,,,,,,,
Campo1,POCO2,ZP1,1,1/7/1990,,,,,,,,,
Campo1,POCO2,ZP1,1,1/8/1990,,,,,,,,,
Campo1,POCO2,ZP1,1,1/9/1990,,,,,,,,,
Campo1,POCO2,ZP1,1,1/10/1990,,,,,,,,,
Campo1,POCO2,ZP1,1,1/11/1990,,,,,,,,,
Campo1,POCO2,ZP1,1,1/12/1990,,,,,,,,,
Campo1,POCO2,ZP1,1,1/1/1991,,,,,,,,,
Campo1,POCO2,ZP1,1,1/2/1991,,,,,,,,,
Campo1,POCO2,ZP1,1,1/3/1991,,,,,,,,,
Campo1,POCO2,ZP1,1,1/4/1991,,,,,,,,,
Campo1,POCO2,ZP1,1,1/5/1991,,,,,,,,,
Campo1,POCO2,ZP1,1,1/6/1991,,,,,,,,,
Campo1,POCO2,ZP1,1,1/7/1991,,,,,,,,,
Campo1,POCO2,ZP1,1,1/8/1991,,,,,,,,,
Campo1,POCO2,ZP1,1,1/9/1991,,,,,,,,,
Campo1,POCO2,ZP1,1,1/10/1991,,,,,,,,,
Campo1,POCO2,ZP1,1,1/11/1991,,,,,,,,,
Campo1,POCO2,ZP1,1,1/12/1991,,,,,,,,,
Campo1,POCO2,ZP1,1,1/1/1992,,,,,,,,,
Campo1,POCO2,ZP1,1,1/2/1992,,,,,,,,,
Campo1,POCO2,ZP1,1,1/3/1992,,,,,,,,,
Campo1,POCO2,ZP1,1,1/4/1992,,,,,,,,,
Campo1,POCO2,ZP1,1,1/5/1992,,,,,,,,,
Campo1,POCO2,ZP1,1,1/6/1992,,,,,,,,,
Campo1,POCO2,ZP1,1,1/7/1992,,,,,,,,,
Campo1,POCO2,ZP1,1,1/8/1992,,,,,,,,,
Campo1,POCO2,ZP1,1,1/9/1992,,,,,,,,,
Campo1,POCO2,ZP1,1,1/10/1992,,,,,,,,,
Campo1,POCO2,ZP1,1,1/11/1992,,,,,,,,,
Campo1,POCO2,ZP1,1,1/12/1992,,,,,,,,,
Campo1,POCO2,ZP1,1,1/1/1993,,,,,,,,,
Campo1,POCO2,ZP1,1,1/2/1993,,,,,,,,,
Campo1,POCO2,ZP1,1,1/3/1993,,,,,,,,,
Campo1,POCO2,ZP1,1,1/4/1993,,,,,,,,,
Campo1,POCO2,ZP1,1,1/5/1993,,,,,,,,,
Campo1,POCO2,ZP1,1,1/6/1993,,,,,,,,,
Campo1,POCO2,ZP1,1,1/7/1993,,,,,,,,,
Campo1,POCO2,ZP1,1,1/8/1993,,,,,,,,,
Campo1,POCO2,ZP1,1,1/9/1993,,,,,,,,,
Campo1,POCO2,ZP1,1,1/10/1993,,,,,,,,,
Campo1,POCO2,ZP1,1,1/11/1993,,,,,,,,,
Campo1,POCO2,ZP1,1,1/12/1993,,,,,,,,,
Campo1,POCO2,ZP1,1,1/1/1994,,,,,,,,,
Campo1,POCO2,ZP1,1,1/2/1994,,,,,,,,,
Campo1,POCO2,ZP1,1,1/3/1994,,,,,,,,,
Campo1,POCO2,ZP1,1,1/4/1994,,,,,,,,,
Campo1,POCO2,ZP1,1,1/5/1994,,,,,,,,,
Campo1,POCO2,ZP1,1,1/6/1994,,,,,,,,,
Campo1,POCO2,ZP1,1,1/7/1994,,,,,,,,,
Campo1,POCO2,ZP1,1,1/8/1994,,,,,,,,,
Campo1,POCO2,ZP1,1,1/9/1994,,,,,,,,,
Campo1,POCO2,ZP1,1,1/10/1994,,,,,,,,,
Campo1,POCO2,ZP1,1,1/11/1994,,,,,,,,,
Campo1,POCO2,ZP1,1,1/12/1994,,,,,,,,,
Campo1,POCO2,ZP1,1,1/1/1995,,,,,,,,,
Campo1,POCO2,ZP1,1,1/2/1995,,,,,,,,,
Campo1,POCO2,ZP1,1,1/3/1995,,,,,,,,,
Campo1,POCO2,ZP1,1,1/4/1995,,,,,,,,,
Campo1,POCO2,ZP1,1,1/5/1995,,,,,,,,,
Campo1,POCO2,ZP1,1,1/6/1995,,,,,,,,,
Campo1,POCO2,ZP1,1,1/7/1995,,,,,,,,,
Campo1,POCO2,ZP1,1,1/8/1995,,,,,,,,,
Campo1,POCO2,ZP1,1,1/9/1995,,,,,,,,,
Campo1,POCO2,ZP1,1,1/10/1995,,,,,,,,,
Campo1,POCO2,ZP1,1,1/11/1995,,,,,,,,,
Campo1,POCO2,ZP1,1,1/12/1995,,,,,,,,,
Campo1,POCO2,ZP1,1,1/1/1996,,,,,,,,,
Campo1,POCO2,ZP1,1,1/2/1996,,,,,,,,,
Campo1,POCO2,ZP1,1,1/3/1996,,,,,,,,,
Campo1,POCO2,ZP1,1,1/4/1996,,,,,,,,,
Campo1,POCO2,ZP1,1,1/5/1996,,,,,,,,,
Campo1,POCO2,ZP1,1,1/6/1996,,,,,,,,,
Campo1,POCO2,ZP1,1,1/7/1996,,,,,,,,,
Campo1,POCO2,ZP1,1,1/8/1996,,,,,,,,,
Campo1,POCO2,ZP1,1,1/9/1996,,,,,,,,,
Campo1,POCO2,ZP1,1,1/10/1996,,,,,,,,,
Campo1,POCO2,ZP1,1,1/11/1996,,,,,,,,,
Campo1,POCO2,ZP1,1,1/12/1996,,,,,,,,,
Campo1,POCO2,ZP1,1,1/1/1997,,,,,,,,,
Campo1,POCO2,ZP1,1,1/2/1997,,,,,,,,,
Campo1,POCO2,ZP1,1,1/3/1997,,,,,,,,,
Campo1,POCO2,ZP1,1,1/4/1997,,,,,,,,,
Campo1,POCO2,ZP1,1,1/5/1997,,,,,,,,,
Campo1,POCO2,ZP1,1,1/6/1997,,,,,,,,,
Campo1,POCO2,ZP1,1,1/7/1997,,,,,,,,,
Campo1,POCO2,ZP1,1,1/8/1997,,,,,,,,,
Campo1,POCO2,ZP1,1,1/9/1997,,,,,,,,,
Campo1,POCO2,ZP1,1,1/10/1997,,,,,,,,,
Campo1,POCO2,ZP1,1,1/11/1997,,,,,,,,,
Campo1,POCO2,ZP1,1,1/12/1997,,,,,,,,,
Campo1,POCO2,ZP1,1,1/1/1998,,,,,,,,,
Campo1,POCO2,ZP1,1,1/2/1998,,,,,,,,,
Campo1,POCO2,ZP1,1,1/3/1998,,,,,,,,,
Campo1,POCO2,ZP1,1,1/4/1998,,,,,,,,,
Campo1,POCO2,ZP1,1,1/5/1998,,,,,,,,,
Campo1,POCO2,ZP1,1,1/6/1998,,,,,,,,,
Campo1,POCO2,ZP1,1,1/7/1998,,,,,,,,,
Campo1,POCO2,ZP1,1,1/8/1998,,,,,,,,,
Campo1,POCO2,ZP1,1,1/9/1998,,,,,,,,,
Campo1,POCO2,ZP1,1,1/10/1998,,,,,,,,,
Campo1,POCO2,ZP1,1,1/11/1998,,,,,,,,,
Campo1,POCO2,ZP1,1,1/12/1998,,,,,,,,,
Campo1,POCO2,ZP1,1,1/1/1999,,,,,,,,,
Campo1,POCO2,ZP1,1,1/2/1999,,,,,,,,,
Campo1,POCO2,ZP1,1,1/3/1999,,,,,,,,,
Campo1,POCO2,ZP1,1,1/4/1999,,,,,,,,,
Campo1,POCO2,ZP1,1,1/5/1999,,,,,,,,,
Campo1,POCO2,ZP1,1,1/6/1999,,,,,,,,,
Campo1,POCO2,ZP1,1,1/7/1999,,,,,,,,,
Campo1,POCO2,ZP1,1,1/8/1999,,,,,,,,,
Campo1,POCO2,ZP1,1,1/9/1999,,,,,,,,,
Campo1,POCO2,ZP1,1,1/10/1999,,,,,,,,,
Campo1,POCO2,ZP1,1,1/11/1999,,,,,,,,,
Campo1,POCO2,ZP1,1,1/12/1999,,,,,,,,,
Campo1,POCO2,ZP1,1,1/1/2000,,,,,,,,,
Campo1,POCO2,ZP1,1,1/2/2000,,,,,,,,,
Campo1,POCO2,ZP1,1,1/3/2000,,,,,,,,,
Campo1,POCO2,ZP1,1,1/4/2000,,,,,,,,,
Campo1,POCO2,ZP1,1,1/5/2000,,,,,,,,,
Campo1,POCO2,ZP1,1,1/6/2000,,,,,,,,,
Campo1,POCO2,ZP1,1,1/7/2000,,,,,,,,,
Campo1,POCO2,ZP1,1,1/8/2000,,,,,,,,,
Campo1,POCO2,ZP1,1,1/9/2000,,,,,,,,,
Campo1,POCO2,ZP1,1,1/10/2000,,,,,,,,,
Campo1,POCO2,ZP1,1,1/11/2000,,,,,,,,,
Campo1,POCO2,ZP1,1,1/12/2000,,,,,,,,,
Campo1,POCO2,ZP1,1,1/1/2001,,,,,,,,,
Campo1,POCO2,ZP1,1,1/2/2001,,,,,,,,,
Campo1,POCO2,ZP1,1,1/3/2001,,,,,,,,,
Campo1,POCO2,ZP1,1,1/4/2001,,,,,,,,,
Campo1,POCO2,ZP1,1,1/5/2001,,,,,,,,,
Campo1,POCO2,ZP1,1,1/6/2001,,,,,,,,,
Campo1,POCO2,ZP1,1,1/7/2001,,,,,,,,,
Campo1,POCO2,ZP1,1,1/8/2001,,,,,,,,,
Campo1,POCO2,ZP1,1,1/9/2001,,,,,,,,,
Campo1,POCO2,ZP1,1,1/10/2001,,,,,,,,,
Campo1,POCO2,ZP1,1,1/11/2001,,,,,,,,,
Campo1,POCO2,ZP1,1,1/12/2001,,,,,,,,,
Campo1,POCO2,ZP1,1,1/1/2002,,,,,,,,,
Campo1,POCO2,ZP1,1,1/2/2002,,,,,,,,,
Campo1,POCO2,ZP1,1,1/3/2002,,,,,,,,,
Campo1,POCO2,ZP1,1,1/4/2002,,,,,,,,,
Campo1,POCO2,ZP1,1,1/5/2002,,,,,,,,,
Campo1,POCO2,ZP1,1,1/6/2002,,,,,,,,,
Campo1,POCO2,ZP1,1,1/7/2002,,,,,,,,,
Campo1,POCO2,ZP1,1,1/8/2002,,,,,,,,,
Campo1,POCO2,ZP1,1,1/9/2002,,,,,,,,,
Campo1,POCO2,ZP1,1,1/10/2002,,,,,,,,,
Campo1,POCO2,ZP1,1,1/11/2002,,,,,,,,,
Campo1,POCO2,ZP1,1,1/12/2002,,,,,,,,,
Campo1,POCO2,ZP1,1,1/1/2003,,,,,,,,,
Campo1,POCO2,ZP1,1,1/2/2003,,,,,,,,,
Campo1,POCO2,ZP1,1,1/3/2003,,,,,,,,,
Campo1,POCO2,ZP1,1,1/4/2003,,,,,,,,,
Campo1,POCO2,ZP1,1,1/5/2003,,,,,,,,,
Campo1,POCO2,ZP1,1,1/6/2003,,,,,,,,,
Campo1,POCO2,ZP1,1,1/7/2003,,,,,,,,,
Campo1,POCO2,ZP1,1,1/8/2003,,,,,,,,,
Campo1,POCO2,ZP1,1,1/9/2003,,,,,,,,,
Campo1,POCO2,ZP1,1,1/10/2003,,,,,,,,,
Campo1,POCO2,ZP1,1,1/11/2003,,,,,,,,,
Campo1,POCO2,ZP1,1,1/12/2003,,,,,,,,,
Campo1,POCO2,ZP1,1,1/1/2004,,,,,,,,,
Campo1,POCO2,ZP1,1,1/2/2004,,,,,,,,,
Campo1,POCO2,ZP1,1,1/3/2004,,,,,,,,,
Campo1,POCO2,ZP1,1,1/4/2004,,,,,,,,,
Campo1,POCO2,ZP1,1,1/5/2004,,,,,,,,,
Campo1,POCO2,ZP1,1,1/6/2004,,,,,,,,,
Campo1,POCO2,ZP1,1,1/7/2004,,,,,,,,,
Campo1,POCO2,ZP1,1,1/8/2004,,,,,,,,,
Campo1,POCO2,ZP1,1,1/9/2004,,,,,,,,,
Campo1,POCO2,ZP1,1,1/10/2004,,,,,,,,,
Campo1,POCO2,ZP1,1,1/11/2004,,,,,,,,,
Campo1,POCO2,ZP1,1,1/12/2004,,,,,,,,,
Campo1,POCO2,ZP1,1,1/1/2005,,,,,,,,,
Campo1,POCO2,ZP1,1,1/2/2005,,,,,,,,,
Campo1,POCO2,ZP1,1,1/3/2005,,,,,,,,,
Campo1,POCO2,ZP1,1,1/4/2005,,,,,,,,,
Campo1,POCO2,ZP1,1,1/5/2005,,,,,,,,,
Campo1,POCO2,ZP1,1,1/6/2005,,,,,,,,,
Campo1,POCO2,ZP1,1,1/7/2005,,,,,,,,,
Campo1,POCO2,ZP1,1,1/8/2005,,,,,,,,,
Campo1,POCO2,ZP1,1,1/9/2005,,,,,,,,,
Campo1,POCO2,ZP1,1,1/10/2005,,,,,,,,,
Campo1,POCO2,ZP1,1,1/11/2005,,,,,,,,,
Campo1,POCO2,ZP1,1,1/12/2005,,,,,,,,,
Campo1,POCO2,ZP1,1,1/1/2006,,,,,,,,,
Campo1,POCO2,ZP1,1,1/2/2006,,,,,,,,,
Campo1,POCO2,ZP1,1,1/3/2006,,,,,,,,,
Campo1,POCO2,ZP1,1,1/4/2006,,,,,,,,,
Campo1,POCO2,ZP1,1,1/5/2006,,,,,,,,,
Campo1,POCO2,ZP1,1,1/6/2006,,,,,,,,,
Campo1,POCO2,ZP1,1,1/7/2006,,,,,,,,,
Campo1,POCO2,ZP1,1,1/8/2006,,,,,,,,,
Campo1,POCO2,ZP1,1,1/9/2006,,,,,,,,,
Campo1,POCO2,ZP1,1,1/10/2006,,,,,,,,,
Campo1,POCO2,ZP1,1,1/11/2006,,,,,,,,,
Campo1,POCO2,ZP1,1,1/12/2006,,,,,,,,,
Campo1,POCO2,ZP1,1,1/1/2007,,,,,,,,,
Campo1,POCO2,ZP1,1,1/2/2007,,,,,,,,,
Campo1,POCO2,ZP1,1,1/3/2007,,,,,,,,,
Campo1,POCO2,ZP1,1,1/4/2007,,,,,,,,,
Campo1,POCO2,ZP1,1,1/5/2007,,,,,,,,,
Campo1,POCO2,ZP1,1,1/6/2007,,,,,,,,,
Campo1,POCO2,ZP1,1,1/7/2007,,,,,,,,,
Campo1,POCO2,ZP1,1,1/8/2007,,,,,,,,,
Campo1,POCO2,ZP1,1,1/9/2007,,,,,,,,,
Campo1,POCO2,ZP1,1,1/10/2007,,,,,,,,,
Campo1,POCO2,ZP1,1,1/11/2007,,,,,,,,,
Campo1,POCO2,ZP1,1,1/12/2007,,,,,,,,,
Campo1,POCO2,ZP1,1,1/1/2008,,,,,,,,,
Campo1,POCO2,ZP1,1,1/2/2008,,,,,,,,,
Campo1,POCO2,ZP1,1,1/3/2008,,,,,,,,,
Campo1,POCO2,ZP1,1,1/4/2008,,,,,,,,,
Campo1,POCO2,ZP1,1,1/5/2008,,,,,,,,,
Campo1,POCO2,ZP1,1,1/6/2008,,,,,,,,,
Campo1,POCO2,ZP1,1,1/7/2008,,,,,,,,,
Campo1,POCO2,ZP1,1,1/8/2008,,,,,,,,,
Campo1,POCO2,ZP1,1,1/9/2008,,,,,,,,,
Campo1,POCO2,ZP1,1,1/10/2008,,,,,,,,,
Campo1,POCO2,ZP1,1,1/11/2008,,,,,,,,,
Campo1,POCO2,ZP1,1,1/12/2008,,,,,,,,,
Campo1,POCO2,ZP1,1,1/1/2009,,,,,,,,,
Campo1,POCO2,ZP1,1,1/2/2009,,,,,,,,,
Campo1,POCO2,ZP1,1,1/3/2009,,,,,,,,,
Campo1,POCO2,ZP1,1,1/4/2009,,,,,,,,,
Campo1,POCO2,ZP1,1,1/5/2009,,,,,,,,,
Campo1,POCO2,ZP1,1,1/6/2009,,,,,,,,,
Campo1,POCO2,ZP1,1,1/7/2009,,,,,,,,,
Campo1,POCO2,ZP1,1,1/8/2009,,,,,,,,,
Campo1,POCO2,ZP1,1,1/9/2009,,,,,,,,,
Campo1,POCO2,ZP1,1,1/10/2009,,,,,,,,,
Campo1,POCO2,ZP1,1,1/11/2009,,,,,,,,,
Campo1,POCO2,ZP1,1,1/12/2009,,,,,,,,,
Campo1,POCO2,ZP1,1,1/1/2010,,,,,,,,,
Campo1,POCO2,ZP1,1,1/2/2010,,,,,,,,,
Campo1,POCO2,ZP1,1,1/3/2010,,,,,,,,,
Campo1,POCO2,ZP1,1,1/4/2010,,,,,,,,,
Campo1,POCO2,ZP1,1,1/5/2010,,,,,,,,,
Campo1,POCO2,ZP1,1,1/6/2010,,,,,,,,,
Campo1,POCO2,ZP1,1,1/7/2010,,,,,,,,,
Campo1,POCO2,ZP1,1,1/8/2010,,,,,,,,,
Campo1,POCO2,ZP1,1,1/9/2010,,,,,,,,,
Campo1,POCO2,ZP1,1,1/10/2010,,,,,,,,,
Campo1,POCO2,ZP1,1,1/11/2010,,,,,,,,,
Campo1,POCO2,ZP1,1,1/12/2010,,,,,,,,,
Campo1,POCO2,ZP1,1,1/1/2011,,,,,,,,,
Campo1,POCO2,ZP1,1,1/2/2011,,,,,,,,,
Campo1,POCO2,ZP1,1,1/3/2011,,,,,,,,,
Campo1,POCO2,ZP1,1,1/4/2011,,,,,,,,,
Campo1,POCO2,ZP1,1,1/5/2011,,,,,,,,,
Campo1,POCO2,ZP1,1,1/6/2011,,,,,,,,,
Campo1,POCO2,ZP1,1,1/7/2011,,,,,,,,,
Campo1,POCO2,ZP1,1,1/8/2011,,,,,,,,,
Campo1,POCO2,ZP1,1,1/9/2011,,,,,,,,,
Campo1,POCO2,ZP1,1,1/10/2011,,,,,,,,,
Campo1,POCO2,ZP1,1,1/11/2011,,,,,,,,,
Campo1,POCO2,ZP1,1,1/12/2011,,,,,,,,,
Campo1,POCO2,ZP1,1,1/1/2012,,,,,,,,,
Campo1,POCO2,ZP1,1,1/2/2012,,,,,,,,,
Campo1,POCO2,ZP1,1,1/3/2012,,,,,,,,,
Campo1,POCO2,ZP1,1,1/4/2012,,,,,,,,,
Campo1,POCO2,ZP1,1,1/5/2012,,,,,,,,,
Campo1,POCO2,ZP1,1,1/6/2012,,,,,,,,,
Campo1,POCO2,ZP1,1,1/7/2012,,,,,,,,,
Campo1,POCO2,ZP1,1,1/8/2012,,,,,,,,,
Campo1,POCO2,ZP1,1,1/9/2012,,,,,,,,,
Campo1,POCO2,ZP1,1,1/10/2012,,,,,,,,,
Campo1,POCO2,ZP1,1,1/11/2012,,,,,,,,,
Campo1,POCO2,ZP1,1,1/12/2012,,,,,,,,,
Campo1,POCO2,ZP1,1,1/1/2013,,,,,,,,,
Campo1,POCO2,ZP1,1,1/2/2013,,,,,,,,,
Campo1,POCO2,ZP1,1,1/3/2013,,,,,,,,,
Campo1,POCO2,ZP1,1,1/4/2013,,,,,,,,,
Campo1,POCO2,ZP1,1,1/5/2013,,,,,,,,,
Campo1,POCO2,ZP1,1,1/6/2013,,,,,,,,,
Campo1,POCO2,ZP1,1,1/7/2013,,,,,,,,,
Campo1,POCO2,ZP1,1,1/8/2013,,,,,,,,,
Campo1,POCO2,ZP1,1,1/9/2013,,,,,,,,,
Campo1,POCO2,ZP1,1,1/10/2013,,,,,,,,,
Campo1,POCO2,ZP1,1,1/11/2013,,,,,,,,,
Campo1,POCO2,ZP1,1,1/12/2013,,,,,,,,,
Campo1,POCO2,ZP1,1,1/1/2014,,,,,,,,,
Campo1,POCO2,ZP1,1,1/2/2014,,,,,,,,,
Campo1,POCO2,ZP1,1,1/3/2014,,,,,,,,,
Campo1,POCO2,ZP1,1,1/4/2014,,,,,,,,,
Campo1,POCO2,ZP1,1,1/5/2014,,,,,,,,,
Campo1,POCO2,ZP1,1,1/6/2014,,,,,,,,,
Campo1,POCO2,ZP1,1,1/7/2014,,,,,,,,,
Campo1,POCO2,ZP1,1,1/8/2014,,,,,,,,,
Campo1,POCO2,ZP1,1,1/9/2014,,,,,,,,,
Campo1,POCO2,ZP1,1,1/10/2014,,,,,,,,,
Campo1,POCO2,ZP1,1,1/11/2014,,,,,,,,,
Campo1,POCO2,ZP1,1,1/12/2014,,,,,,,,,
Campo1,POCO2,ZP1,1,1/1/2015,,,,,,,,,
Campo1,POCO2,ZP1,1,1/2/2015,,,,,,,,,
Campo1,POCO2,ZP1,1,1/3/2015,,,,,,,,,
Campo1,POCO2,ZP1,1,1/4/2015,,,,,,,,,
Campo1,POCO2,ZP1,1,1/5/2015,,,,,,,,,
Campo1,POCO2,ZP1,1,1/6/2015,,,,,,,,,
Campo1,POCO2,ZP1,1,1/7/2015,,,,,,,,,
Campo1,POCO2,ZP1,1,1/8/2015,,,,,,,,,
Campo1,POCO2,ZP1,1,1/9/2015,,,,,,,,,
Campo1,POCO2,ZP1,1,1/10/2015,,,,,,,,,
Campo1,POCO2,ZP1,1,1/11/2015,,,,,,,,,
Campo1,POCO2,ZP1,1,1/12/2015,,,,,,,,,
Campo1,POCO2,ZP1,1,1/1/2016,,,,,,,,,
Campo1,POCO2,ZP1,1,1/2/2016,,,,,,,,,
Campo1,POCO2,ZP1,1,1/3/2016,,,,,,,,,
Campo1,POCO2,ZP1,1,1/4/2016,,,,,,,,,
Campo1,POCO2,ZP1,1,1/5/2016,,,,,,,,,
Campo1,POCO2,ZP1,1,1/6/2016,,,,,,,,,
Campo1,POCO2,ZP1,1,1/7/2016,,,,,,,,,
Campo1,POCO2,ZP1,1,1/8/2016,,,,,,,,,
Campo1,POCO2,ZP1,1,1/9/2016,,,,,,,,,
Campo1,POCO2,ZP1,1,1/10/2016,,,,,,,,,
Campo1,POCO2,ZP1,1,1/11/2016,,,,,,,,,
Campo1,POCO2,ZP1,1,1/12/2016,,,,,,,,,
Campo1,POCO2,ZP1,1,1/1/2017,,,,,,,,,
Campo1,POCO2,ZP1,1,1/2/2017,,,,,,,,,
Campo1,POCO2,ZP1,1,1/3/2017,,,,,,,,,
Campo1,POCO2,ZP1,1,1/4/2017,,,,,,,,,
Campo1,POCO2,ZP1,1,1/5/2017,,,,,,,,,
Campo1,POCO2,ZP1,1,1/6/2017,,,,,,,,,
Campo1,POCO2,ZP1,1,1/7/2017,,,,,,,,,
Campo1,POCO2,ZP1,1,1/8/2017,,,,,,,,,
Campo1,POCO2,ZP1,1,1/9/2017,,,,,,,,,
Campo1,POCO2,ZP1,1,1/10/2017,,,,,,,,,
Campo1,POCO2,ZP1,1,1/11/2017,,,,,,,,,
Campo1,POCO2,ZP1,1,1/12/2017,,,,,,,,,
Campo1,POCO2,ZP1,1,1/1/2018,,,,,,,,,
Campo1,POCO2,ZP1,1,1/2/2018,,,,,,,,,
Campo1,POCO2,ZP1,1,1/3/2018,,,,,,,,,
Campo1,POCO2,ZP1,1,1/4/2018,,,,,,,,,
Campo1,POCO2,ZP1,1,1/5/2018,,,,,,,,,
Campo1,POCO2,ZP1,1,1/6/2018,,,,,,,,,
Campo1,POCO2,ZP1,1,1/7/2018,,,,,,,,,
Campo1,POCO2,ZP1,1,1/8/2018,,,,,,,,,
Campo1,POCO2,ZP1,1,1/9/2018,,,,,,,,,
Campo1,POCO2,ZP1,1,1/10/2018,,,,,,,,,
Campo1,POCO2,ZP1,1,1/11/2018,,,,,,,,,
Campo1,POCO2,ZP1,1,1/12/2018,,,,,,,,,
Campo1,POCO2,ZP1,1,1/1/2019,,,,,,,,,
Campo1,POCO2,ZP1,1,1/2/2019,,,,,,,,,
Campo1,POCO2,ZP1,1,1/3/2019,,,,,,,,,
Campo1,POCO2,ZP1,1,1/4/2019,,,,,,,,,
Campo1,POCO2,ZP1,1,1/5/2019,,,,,,,,,
Campo1,POCO3,ZP1,1,1/2/1980,12.21,,1.22,0.0,,,,,12.0
Campo1,POCO3,ZP1,1,1/3/1980,0.0,,0.0,0.0,,,,,0.0
Campo1,POCO3,ZP1,1,1/4/1980,,,,,,,,,
Campo1,POCO3,ZP1,1,1/5/1980,,,,,,,,,
Campo1,POCO3,ZP1,1,1/6/1980,0.0,,0.0,0.0,,,,,0.0
Campo1,POCO3,ZP1,1,1/7/1980,136.68,,13.67,0.0,,,,,139.0
Campo1,POCO3,ZP1,1,1/8/1980,633.32,,63.33,0.0,,,,,627.0
Campo1,POCO3,ZP1,1,1/9/1980,152.06,,15.21,0.0,,,,,154.0
Campo1,POCO3,ZP1,1,1/10/1980,0.0,,0.0,0.0,,,,,0.0
Campo1,POCO3,ZP1,1,1/11/1980,,,,,,,,,
Campo1,POCO3,ZP1,1,1/12/1980,,,,,,,,,
Campo1,POCO3,ZP1,1,1/1/1981,0.0,,0.0,0.0,,,,,0.0
Campo1,POCO3,ZP1,1,1/2/1981,522.39,,52.24,0.0,,,,,539.0
Campo1,POCO3,ZP1,1,1/3/1981,447.06,,44.71,0.0,,,,,507.0
Campo1,POCO3,ZP1,1,1/4/1981,325.0,,32.5,0.0,,,,,358.0
Campo1,POCO3,ZP1,1,1/5/1981,569.01,,56.9,0.0,,,,,654.0
Campo1,POCO3,ZP1,1,1/6/1981,491.96,,49.2,0.0,,,,,552.0
Campo1,POCO3,ZP1,1,1/7/1981,598.0,,59.8,0.0,,,,,706.0
Campo1,POCO3,ZP1,1,1/8/1981,613.63,,61.36,0.0,,,,,738.0
Campo1,POCO3,ZP1,1,1/9/1981,266.91,,26.69,0.0,,,,,320.0
Campo1,POCO3,ZP1,1,1/10/1981,508.98,,50.89,0.0,,,,,641.0
Campo1,POCO3,ZP1,1,1/11/1981,504.89,,50.48,0.0,,,,,655.0
Campo1,POCO3,ZP1,1,1/12/1981,359.57,,35.99,0.0,,,,,420.0
Campo1,POCO3,ZP1,1,1/1/1982,611.4,,61.13,0.0,,,,,654.0
Campo1,POCO3,ZP1,1,1/2/1982,547.21,,54.72,0.0,,,,,530.0
Campo1,POCO3,ZP1,1,1/3/1982,621.73,,62.17,0.0,,,,,676.0
Campo1,POCO3,ZP1,1,1/4/1982,593.61,,64.41,0.0,,,,,714.0
Campo1,POCO3,ZP1,1,1/5/1982,549.75,,70.37,0.0,,,,,735.0
Campo1,POCO3,ZP1,1,1/6/1982,493.14,,63.12,0.0,,,,,682.0
Campo1,POCO3,ZP1,1,1/7/1982,508.98,,65.15,0.0,,,,,737.0
Campo1,POCO3,ZP1,1,1/8/1982,464.98,,59.52,0.0,,,,,684.0
Campo1,POCO3,ZP1,1,1/9/1982,483.8,,61.93,0.0,,,,,720.0
Campo1,POCO3,ZP1,1,1/10/1982,498.02,,63.75,0.0,,,,,738.0
Campo1,POCO3,ZP1,1,1/11/1982,490.0,,62.72,0.0,,,,,720.0
Campo1,POCO3,ZP1,1,1/12/1982,490.0,,62.72,2.45,,,,,744.0
Campo1,POCO3,ZP1,1,1/1/1983,477.88,,61.17,6.68,,,,,743.0
Campo1,POCO3,ZP1,1,1/2/1983,467.98,,59.9,6.57,,,,,669.0
Campo1,POCO3,ZP1,1,1/3/1983,470.0,,60.16,6.6,,,,,744.0
Campo1,POCO3,ZP1,1,1/4/1983,470.0,,53.61,6.6,,,,,720.0
Campo1,POCO3,ZP1,1,1/5/1983,412.95,,37.17,5.79,,,,,706.0
Campo1,POCO3,ZP1,1,1/6/1983,458.0,,41.22,4.9,,,,,720.0
Campo1,POCO3,ZP1,1,1/7/1983,448.15,,34.9,4.48,,,,,741.0
Campo1,POCO3,ZP1,1,1/8/1983,450.73,,39.45,4.51,,,,,744.0
Campo1,POCO3,ZP1,1,1/9/1983,385.86,,36.7,3.86,,,,,717.0
Campo1,POCO3,ZP1,1,1/10/1983,368.59,,29.52,3.67,,,,,739.0
Campo1,POCO3,ZP1,1,1/11/1983,394.82,,31.62,3.95,,,,,719.0
Campo1,POCO3,ZP1,1,1/12/1983,433.81,,35.2,4.34,,,,,722.0
Campo1,POCO3,ZP1,1,1/1/1984,423.84,,35.09,4.24,,,,,734.0
Campo1,POCO3,ZP1,1,1/2/1984,382.21,,31.55,3.82,,,,,693.0
Campo1,POCO3,ZP1,1,1/3/1984,319.4,,31.19,3.19,,,,,744.0
Campo1,POCO3,ZP1,1,1/4/1984,20.0,,1.65,0.2,,,,,48.0
Campo1,POCO3,ZP1,1,1/5/1984,0.0,,0.0,0.0,,,,,0.0
Campo1,POCO3,ZP1,1,1/6/1984,,,,,,,,,
Campo1,POCO3,ZP1,1,1/7/1984,,,,,,,,,
Campo1,POCO3,ZP1,1,1/8/1984,,,,,,,,,
Campo1,POCO3,ZP1,1,1/9/1984,,,,,,,,,
Campo1,POCO3,ZP1,1,1/10/1984,,,,,,,,,
Campo1,POCO3,ZP1,1,1/11/1984,,,,,,,,,
Campo1,POCO3,ZP1,1,1/12/1984,,,,,,,,,
Campo1,POCO3,ZP1,1,1/1/1985,,,,,,,,,
Campo1,POCO3,ZP1,1,1/2/1985,,,,,,,,,
Campo1,POCO3,ZP1,1,1/3/1985,,,,,,,,,
Campo1,POCO3,ZP1,1,1/4/1985,,,,,,,,,
Campo1,POCO3,ZP1,1,1/5/1985,,,,,,,,,
Campo1,POCO3,ZP1,1,1/6/1985,,,,,,,,,
Campo1,POCO3,ZP1,1,1/7/1985,,,,,,,,,
Campo1,POCO3,ZP1,1,1/8/1985,,,,,,,,,
Campo1,POCO3,ZP1,1,1/9/1985,,,,,,,,,
Campo1,POCO3,ZP1,1,1/10/1985,,,,,,,,,
Campo1,POCO3,ZP1,1,1/11/1985,,,,,,,,,
Campo1,POCO3,ZP1,1,1/12/1985,,,,,,,,,
Campo1,POCO3,ZP1,1,1/1/1986,,,,,,,,,
Campo1,POCO3,ZP1,1,1/2/1986,,,,,,,,,
Campo1,POCO3,ZP1,1,1/3/1986,,,,,,,,,
Campo1,POCO3,ZP1,1,1/4/1986,,,,,,,,,
Campo1,POCO3,ZP1,1,1/5/1986,,,,,,,,,
Campo1,POCO3,ZP1,1,1/6/1986,,,,,,,,,
Campo1,POCO3,ZP1,1,1/7/1986,,,,,,,,,
Campo1,POCO3,ZP1,1,1/8/1986,,,,,,,,,
Campo1,POCO3,ZP1,1,1/9/1986,,,,,,,,,
Campo1,POCO3,ZP1,1,1/10/1986,,,,,,,,,
Campo1,POCO3,ZP1,1,1/11/1986,,,,,,,,,
Campo1,POCO3,ZP1,1,1/12/1986,,,,,,,,,
Campo1,POCO3,ZP1,1,1/1/1987,,,,,,,,,
Campo1,POCO3,ZP1,1,1/2/1987,,,,,,,,,
Campo1,POCO3,ZP1,1,1/3/1987,,,,,,,,,
Campo1,POCO3,ZP1,1,1/4/1987,,,,,,,,,
Campo1,POCO3,ZP1,1,1/5/1987,,,,,,,,,
Campo1,POCO3,ZP1,1,1/6/1987,,,,,,,,,
Campo1,POCO3,ZP1,1,1/7/1987,,,,,,,,,
Campo1,POCO3,ZP1,1,1/8/1987,,,,,,,,,
Campo1,POCO3,ZP1,1,1/9/1987,,,,,,,,,
Campo1,POCO3,ZP1,1,1/10/1987,,,,,,,,,
Campo1,POCO3,ZP1,1,1/11/1987,,,,,,,,,
Campo1,POCO3,ZP1,1,1/12/1987,,,,,,,,,
Campo1,POCO3,ZP1,1,1/1/1988,,,,,,,,,
Campo1,POCO3,ZP1,1,1/2/1988,,,,,,,,,
Campo1,POCO3,ZP1,1,1/3/1988,,,,,,,,,
Campo1,POCO3,ZP1,1,1/4/1988,,,,,,,,,
Campo1,POCO3,ZP1,1,1/5/1988,,,,,,,,,
Campo1,POCO3,ZP1,1,1/6/1988,,,,,,,,,
Campo1,POCO3,ZP1,1,1/7/1988,,,,,,,,,
Campo1,POCO3,ZP1,1,1/8/1988,,,,,,,,,
Campo1,POCO3,ZP1,1,1/9/1988,,,,,,,,,
Campo1,POCO3,ZP1,1,1/10/1988,,,,,,,,,
Campo1,POCO3,ZP1,1,1/11/1988,,,,,,,,,
Campo1,POCO3,ZP1,1,1/12/1988,,,,,,,,,
Campo1,POCO3,ZP1,1,1/1/1989,,,,,,,,,
Campo1,POCO3,ZP1,1,1/2/1989,,,,,,,,,
Campo1,POCO3,ZP1,1,1/3/1989,,,,,,,,,
Campo1,POCO3,ZP1,1,1/4/1989,,,,,,,,,
Campo1,POCO3,ZP1,1,1/5/1989,,,,,,,,,
Campo1,POCO3,ZP1,1,1/6/1989,,,,,,,,,
Campo1,POCO3,ZP1,1,1/7/1989,,,,,,,,,
Campo1,POCO3,ZP1,1,1/8/1989,,,,,,,,,
Campo1,POCO3,ZP1,1,1/9/1989,,,,,,,,,
Campo1,POCO3,ZP1,1,1/10/1989,,,,,,,,,
Campo1,POCO3,ZP1,1,1/11/1989,,,,,,,,,
Campo1,POCO3,ZP1,1,1/12/1989,64.52,,8.69,19.17,,,,,456.0
Campo1,POCO3,ZP1,1,1/1/1990,245.81,,27.99,13.18,,,,,744.0
Campo1,POCO3,ZP1,1,1/2/1990,286.69,,31.61,11.14,,,,,672.0
Campo1,POCO3,ZP1,1,1/3/1990,280.97,,32.43,9.6,,,,,744.0
Campo1,POCO3,ZP1,1,1/4/1990,273.05,,36.3,5.53,,,,,703.0
Campo1,POCO3,ZP1,1,1/5/1990,303.23,,28.5,7.77,,,,,744.0
Campo1,POCO3,ZP1,1,1/6/1990,287.62,,21.91,7.93,,,,,714.0
Campo1,POCO3,ZP1,1,1/7/1990,250.77,,20.71,8.76,,,,,705.0
Campo1,POCO3,ZP1,1,1/8/1990,292.98,,27.75,13.25,,,,,741.0
Campo1,POCO3,ZP1,1,1/9/1990,300.0,,28.3,18.65,,,,,720.0
Campo1,POCO3,ZP1,1,1/10/1990,300.0,,26.35,21.02,,,,,744.0
Campo1,POCO3,ZP1,1,1/11/1990,297.0,,33.8,27.81,,,,,720.0
Campo1,POCO3,ZP1,1,1/12/1990,284.81,,35.12,21.37,,,,,743.0
Campo1,POCO3,ZP1,1,1/1/1991,265.43,,43.12,12.69,,,,,738.0
Campo1,POCO3,ZP1,1,1/2/1991,266.33,,22.68,27.25,,,,,658.0
Campo1,POCO3,ZP1,1,1/3/1991,265.12,,14.78,33.01,,,,,737.0
Campo1,POCO3,ZP1,1,1/4/1991,263.16,,16.33,13.03,,,,,706.0
Campo1,POCO3,ZP1,1,1/5/1991,265.13,,18.72,10.48,,,,,732.0
Campo1,POCO3,ZP1,1,1/6/1991,269.53,,24.9,17.83,,,,,719.0
Campo1,POCO3,ZP1,1,1/7/1991,206.5,,23.04,11.9,,,,,570.0
Campo1,POCO3,ZP1,1,1/8/1991,269.16,,26.69,17.42,,,,,742.0
Campo1,POCO3,ZP1,1,1/9/1991,168.05,,17.62,16.62,,,,,448.0
Campo1,POCO3,ZP1,1,1/10/1991,276.3,,28.63,27.33,,,,,742.0
Campo1,POCO3,ZP1,1,1/11/1991,278.16,,18.03,32.01,,,,,713.0
Campo1,POCO3,ZP1,1,1/12/1991,282.69,,27.94,31.4,,,,,735.0
Campo1,POCO3,ZP1,1,1/1/1992,266.46,,30.14,29.61,,,,,744.0
Campo1,POCO3,ZP1,1,1/2/1992,266.73,,36.46,29.64,,,,,696.0
Campo1,POCO3,ZP1,1,1/3/1992,270.3,,49.11,38.44,,,,,739.0
Campo1,POCO3,ZP1,1,1/4/1992,278.8,,44.57,45.4,,,,,717.0
Campo1,POCO3,ZP1,1,1/5/1992,269.19,,50.3,43.17,,,,,734.0
Campo1,POCO3,ZP1,1,1/6/1992,235.77,,64.28,48.15,,,,,714.0
Campo1,POCO3,ZP1,1,1/7/1992,208.06,,30.96,42.34,,,,,744.0
Campo1,POCO3,ZP1,1,1/8/1992,282.26,,49.49,23.64,,,,,744.0
Campo1,POCO3,ZP1,1,1/9/1992,284.23,,52.41,18.15,,,,,717.0
Campo1,POCO3,ZP1,1,1/10/1992,278.45,,37.56,16.87,,,,,742.0
Campo1,POCO3,ZP1,1,1/11/1992,270.06,,26.31,13.82,,,,,720.0
Campo1,POCO3,ZP1,1,1/12/1992,269.37,,46.54,11.25,,,,,744.0
Campo1,POCO3,ZP1,1,1/1/1993,259.68,,39.09,10.04,,,,,743.0
Campo1,POCO3,ZP1,1,1/2/1993,258.71,,35.42,9.65,,,,,669.0
Campo1,POCO3,ZP1,1,1/3/1993,268.5,,41.08,9.95,,,,,743.0
Campo1,POCO3,ZP1,1,1/4/1993,271.55,,42.31,16.64,,,,,719.0
Campo1,POCO3,ZP1,1,1/5/1993,297.89,,29.46,24.43,,,,,739.95
Campo1,POCO3,ZP1,1,1/6/1993,298.99,,31.13,17.41,,,,,720.0
Campo1,POCO3,ZP1,1,1/7/1993,273.87,,22.3,16.62,,,,,744.0
Campo1,POCO3,ZP1,1,1/8/1993,270.0,,16.38,20.21,,,,,744.0
Campo1,POCO3,ZP1,1,1/9/1993,269.98,,25.22,17.02,,,,,720.0
Campo1,POCO3,ZP1,1,1/10/1993,284.04,,20.03,19.31,,,,,744.0
Campo1,POCO3,ZP1,1,1/11/1993,289.3,,29.7,21.19,,,,,718.25
Campo1,POCO3,ZP1,1,1/12/1993,289.99,,25.78,22.82,,,,,744.0
Campo1,POCO3,ZP1,1,1/1/1994,288.9,,36.02,21.02,,,,,741.23
Campo1,POCO3,ZP1,1,1/2/1994,273.35,,35.19,23.41,,,,,668.33
Campo1,POCO3,ZP1,1,1/3/1994,292.29,,33.05,26.91,,,,,744.0
Campo1,POCO3,ZP1,1,1/4/1994,302.34,,23.66,30.78,,,,,720.0
Campo1,POCO3,ZP1,1,1/5/1994,283.45,,12.83,23.18,,,,,742.57
Campo1,POCO3,ZP1,1,1/6/1994,277.75,,17.8,22.26,,,,,720.0
Campo1,POCO3,ZP1,1,1/7/1994,268.44,,18.63,23.29,,,,,723.87
Campo1,POCO3,ZP1,1,1/8/1994,279.45,,20.24,24.25,,,,,742.55
Campo1,POCO3,ZP1,1,1/9/1994,273.98,,19.83,23.76,,,,,719.5
Campo1,POCO3,ZP1,1,1/10/1994,266.57,,20.25,23.11,,,,,744.0
Campo1,POCO3,ZP1,1,1/11/1994,268.23,,21.43,23.25,,,,,716.53
Campo1,POCO3,ZP1,1,1/12/1994,253.15,,18.72,32.96,,,,,744.0
Campo1,POCO3,ZP1,1,1/1/1995,227.07,,10.84,63.99,,,,,735.67
Campo1,POCO3,ZP1,1,1/2/1995,239.23,,10.59,62.68,,,,,671.03
Campo1,POCO3,ZP1,1,1/3/1995,235.51,,10.04,58.87,,,,,741.83
Campo1,POCO3,ZP1,1,1/4/1995,228.88,,9.38,57.21,,,,,716.5
Campo1,POCO3,ZP1,1,1/5/1995,229.12,,9.53,57.28,,,,,741.17
Campo1,POCO3,ZP1,1,1/6/1995,205.99,,11.11,51.49,,,,,708.98
Campo1,POCO3,ZP1,1,1/7/1995,184.1,,14.24,60.96,,,,,723.8
Campo1,POCO3,ZP1,1,1/8/1995,169.96,,13.68,56.59,,,,,738.35
Campo1,POCO3,ZP1,1,1/9/1995,162.06,,13.52,53.97,,,,,674.65
Campo1,POCO3,ZP1,1,1/10/1995,139.59,,22.33,46.45,,,,,693.73
Campo1,POCO3,ZP1,1,1/11/1995,145.97,,24.68,48.57,,,,,712.77
Campo1,POCO3,ZP1,1,1/12/1995,145.46,,16.86,48.4,,,,,744.0
Campo1,POCO3,ZP1,1,1/1/1996,137.85,,14.58,45.88,,,,,744.0
Campo1,POCO3,ZP1,1,1/2/1996,136.93,,21.06,45.58,,,,,696.0
Campo1,POCO3,ZP1,1,1/3/1996,154.84,,21.29,52.27,,,,,744.0
Campo1,POCO3,ZP1,1,1/4/1996,178.76,,22.28,62.76,,,,,718.15
Campo1,POCO3,ZP1,1,1/5/1996,179.46,,23.67,63.01,,,,,742.1
Campo1,POCO3,ZP1,1,1/6/1996,173.56,,24.77,60.93,,,,,701.13
Campo1,POCO3,ZP1,1,1/7/1996,178.88,,22.51,62.8,,,,,744.0
Campo1,POCO3,ZP1,1,1/8/1996,178.1,,22.19,62.53,,,,,742.6
Campo1,POCO3,ZP1,1,1/9/1996,179.04,,20.36,62.86,,,,,720.0
Campo1,POCO3,ZP1,1,1/10/1996,179.58,,20.6,51.39,,,,,744.0
Campo1,POCO3,ZP1,1,1/11/1996,178.94,,20.73,50.4,,,,,720.0
Campo1,POCO3,ZP1,1,1/12/1996,179.28,,19.13,50.5,,,,,744.0
Campo1,POCO3,ZP1,1,1/1/1997,161.21,,16.46,45.41,,,,,681.08
Campo1,POCO3,ZP1,1,1/2/1997,173.67,,20.84,48.92,,,,,665.5
Campo1,POCO3,ZP1,1,1/3/1997,179.76,,24.49,50.63,,,,,743.0
Campo1,POCO3,ZP1,1,1/4/1997,172.77,,22.06,48.66,,,,,696.7
Campo1,POCO3,ZP1,1,1/5/1997,163.33,,20.15,46.03,,,,,744.0
Campo1,POCO3,ZP1,1,1/6/1997,237.07,,27.73,43.0,,,,,720.0
Campo1,POCO3,ZP1,1,1/7/1997,250.22,,31.07,44.09,,,,,741.3
Campo1,POCO3,ZP1,1,1/8/1997,228.32,,28.22,56.66,,,,,742.68
Campo1,POCO3,ZP1,1,1/9/1997,197.51,,23.44,76.74,,,,,715.42
Campo1,POCO3,ZP1,1,1/10/1997,198.01,,18.62,76.93,,,,,740.52
Campo1,POCO3,ZP1,1,1/11/1997,197.01,,17.12,76.54,,,,,717.78
Campo1,POCO3,ZP1,1,1/12/1997,200.0,,15.77,77.7,,,,,744.0
Campo1,POCO3,ZP1,1,1/1/1998,199.7,,18.52,77.58,,,,,742.88
Campo1,POCO3,ZP1,1,1/2/1998,198.36,,20.48,77.06,,,,,668.53
Campo1,POCO3,ZP1,1,1/3/1998,197.63,,23.49,76.78,,,,,735.62
Campo1,POCO3,ZP1,1,1/4/1998,192.96,,22.13,74.97,,,,,703.43
Campo1,POCO3,ZP1,1,1/5/1998,185.61,,19.76,72.12,,,,,724.3
Campo1,POCO3,ZP1,1,1/6/1998,153.95,,15.66,59.82,,,,,720.0
Campo1,POCO3,ZP1,1,1/7/1998,176.01,,16.23,68.39,,,,,739.88
Campo1,POCO3,ZP1,1,1/8/1998,163.32,,14.86,79.3,,,,,744.0
Campo1,POCO3,ZP1,1,1/9/1998,161.71,,15.93,79.6,,,,,720.0
Campo1,POCO3,ZP1,1,1/10/1998,168.34,,23.05,82.86,,,,,744.0
Campo1,POCO3,ZP1,1,1/11/1998,170.46,,26.21,83.91,,,,,720.0
Campo1,POCO3,ZP1,1,1/12/1998,164.06,,25.21,95.19,,,,,744.0
Campo1,POCO3,ZP1,1,1/1/1999,174.44,,31.45,131.55,,,,,744.0
Campo1,POCO3,ZP1,1,1/2/1999,176.96,,29.65,133.45,,,,,672.0
Campo1,POCO3,ZP1,1,1/3/1999,152.14,,27.62,114.72,,,,,721.97
Campo1,POCO3,ZP1,1,1/4/1999,140.79,,28.19,97.69,,,,,702.08
Campo1,POCO3,ZP1,1,1/5/1999,140.23,,29.25,93.42,,,,,742.4
Campo1,POCO3,ZP1,1,1/6/1999,140.52,,27.31,93.61,,,,,718.63
Campo1,POCO3,ZP1,1,1/7/1999,170.71,,29.81,113.73,,,,,744.0
Campo1,POCO3,ZP1,1,1/8/1999,163.61,,25.5,109.01,,,,,744.0
Campo1,POCO3,ZP1,1,1/9/1999,166.4,,23.65,110.87,,,,,720.0
Campo1,POCO3,ZP1,1,1/10/1999,160.29,,20.41,106.78,,,,,744.0
Campo1,POCO3,ZP1,1,1/11/1999,169.6,,19.09,113.0,,,,,720.0
Campo1,POCO3,ZP1,1,1/12/1999,159.1,,17.52,105.98,,,,,744.0
Campo1,POCO3,ZP1,1,1/1/2000,154.84,,16.09,103.14,,,,,744.0
Campo1,POCO3,ZP1,1,1/2/2000,154.62,,17.21,103.0,,,,,696.0
Campo1,POCO3,ZP1,1,1/3/2000,165.1,,16.85,142.62,,,,,744.0
Campo1,POCO3,ZP1,1,1/4/2000,173.67,,16.78,140.14,,,,,720.0
Campo1,POCO3,ZP1,1,1/5/2000,170.16,,13.84,113.37,,,,,744.0
Campo1,POCO3,ZP1,1,1/6/2000,171.25,,14.36,114.1,,,,,720.0
Campo1,POCO3,ZP1,1,1/7/2000,161.29,,13.54,107.46,,,,,744.0
Campo1,POCO3,ZP1,1,1/8/2000,169.47,,18.66,112.92,,,,,744.0
Campo1,POCO3,ZP1,1,1/9/2000,163.17,,16.66,108.7,,,,,720.0
Campo1,POCO3,ZP1,1,1/10/2000,108.61,,6.29,72.35,,,,,533.2
Campo1,POCO3,ZP1,1,1/11/2000,164.0,,14.23,109.26,,,,,720.0
Campo1,POCO3,ZP1,1,1/12/2000,152.87,,16.78,101.84,,,,,720.0
Campo1,POCO3,ZP1,1,1/1/2001,164.48,,16.81,109.59,,,,,729.6
Campo1,POCO3,ZP1,1,1/2/2001,135.88,,9.51,90.52,,,,,552.0
Campo1,POCO3,ZP1,1,1/3/2001,172.96,,14.96,131.49,,,,,744.0
Campo1,POCO3,ZP1,1,1/4/2001,170.48,,14.78,133.89,,,,,714.77
Campo1,POCO3,ZP1,1,1/5/2001,125.56,,8.59,98.61,,,,,558.53
Campo1,POCO3,ZP1,1,1/6/2001,156.38,,8.4,122.82,,,,,662.4
Campo1,POCO3,ZP1,1,1/7/2001,173.95,,12.55,136.62,,,,,743.58
Campo1,POCO3,ZP1,1,1/8/2001,154.15,,12.44,121.06,,,,,727.07
Campo1,POCO3,ZP1,1,1/9/2001,147.7,,16.38,116.0,,,,,717.4
Campo1,POCO3,ZP1,1,1/10/2001,162.32,,15.73,127.48,,,,,736.37
Campo1,POCO3,ZP1,1,1/11/2001,122.83,,13.58,93.38,,,,,647.1
Campo1,POCO3,ZP1,1,1/12/2001,108.93,,11.96,72.55,,,,,741.13
Campo1,POCO3,ZP1,1,1/1/2002,106.04,,12.38,70.62,,,,,741.02
Campo1,POCO3,ZP1,1,1/2/2002,107.49,,12.93,71.59,,,,,661.47
Campo1,POCO3,ZP1,1,1/3/2002,113.72,,14.74,75.73,,,,,734.7
Campo1,POCO3,ZP1,1,1/4/2002,107.98,,14.33,71.92,,,,,720.0
Campo1,POCO3,ZP1,1,1/5/2002,99.59,,15.67,66.33,,,,,617.07
Campo1,POCO3,ZP1,1,1/6/2002,114.61,,12.61,76.33,,,,,704.4
Campo1,POCO3,ZP1,1,1/7/2002,125.65,,15.06,83.7,,,,,720.25
Campo1,POCO3,ZP1,1,1/8/2002,130.22,,14.14,75.36,,,,,739.08
Campo1,POCO3,ZP1,1,1/9/2002,125.56,,11.38,91.17,,,,,713.6
Campo1,POCO3,ZP1,1,1/10/2002,114.21,,8.3,94.93,,,,,712.0
Campo1,POCO3,ZP1,1,1/11/2002,40.02,,3.45,33.26,,,,,263.8
Campo1,POCO3,ZP1,1,1/12/2002,95.89,,7.65,79.69,,,,,613.85
Campo1,POCO3,ZP1,1,1/1/2003,112.03,,11.68,93.1,,,,,725.5
Campo1,POCO3,ZP1,1,1/2/2003,114.9,,14.82,95.49,,,,,663.45
Campo1,POCO3,ZP1,1,1/3/2003,105.14,,10.44,87.35,,,,,659.83
Campo1,POCO3,ZP1,1,1/4/2003,113.23,,11.66,94.08,,,,,707.18
Campo1,POCO3,ZP1,1,1/5/2003,111.11,,12.73,93.95,,,,,734.75
Campo1,POCO3,ZP1,1,1/6/2003,87.9,,7.42,88.89,,,,,704.62
Campo1,POCO3,ZP1,1,1/7/2003,89.06,,6.21,90.06,,,,,739.45
Campo1,POCO3,ZP1,1,1/8/2003,92.93,,6.44,93.98,,,,,738.68
Campo1,POCO3,ZP1,1,1/9/2003,87.04,,6.32,88.02,,,,,693.15
Campo1,POCO3,ZP1,1,1/10/2003,88.05,,6.78,89.04,,,,,736.95
Campo1,POCO3,ZP1,1,1/11/2003,76.98,,5.33,77.85,,,,,647.08
Campo1,POCO3,ZP1,1,1/12/2003,86.14,,8.55,90.97,,,,,709.3
Campo1,POCO3,ZP1,1,1/1/2004,88.83,,8.98,105.11,,,,,732.98
Campo1,POCO3,ZP1,1,1/2/2004,90.6,,9.33,107.18,,,,,689.48
Campo1,POCO3,ZP1,1,1/3/2004,86.37,,11.16,102.19,,,,,733.17
Campo1,POCO3,ZP1,1,1/4/2004,89.28,,14.12,105.63,,,,,720.0
Campo1,POCO3,ZP1,1,1/5/2004,82.48,,11.41,97.58,,,,,698.43
Campo1,POCO3,ZP1,1,1/6/2004,89.15,,16.2,105.48,,,,,718.17
Campo1,POCO3,ZP1,1,1/7/2004,58.25,,10.47,89.15,,,,,738.65
Campo1,POCO3,ZP1,1,1/8/2004,48.99,,8.03,88.97,,,,,726.33
Campo1,POCO3,ZP1,1,1/9/2004,37.75,,5.19,95.42,,,,,705.68
Campo1,POCO3,ZP1,1,1/10/2004,34.21,,5.46,97.33,,,,,729.18
Campo1,POCO3,ZP1,1,1/11/2004,33.0,,4.36,93.91,,,,,699.45
Campo1,POCO3,ZP1,1,1/12/2004,22.35,,2.56,79.3,,,,,718.12
Campo1,POCO3,ZP1,1,1/1/2005,19.76,,1.25,79.05,,,,,740.18
Campo1,POCO3,ZP1,1,1/2/2005,19.45,,0.94,77.79,,,,,671.43
Campo1,POCO3,ZP1,1,1/3/2005,11.64,,0.61,46.54,,,,,437.37
Campo1,POCO3,ZP1,1,1/4/2005,16.84,,1.0,67.36,,,,,620.78
Campo1,POCO3,ZP1,1,1/5/2005,18.86,,1.19,75.44,,,,,718.8
Campo1,POCO3,ZP1,1,1/6/2005,19.66,,1.2,78.64,,,,,712.88
Campo1,POCO3,ZP1,1,1/7/2005,19.67,,1.36,78.66,,,,,740.08
Campo1,POCO3,ZP1,1,1/8/2005,16.4,,0.86,65.58,,,,,611.75
Campo1,POCO3,ZP1,1,1/9/2005,15.19,,0.87,60.76,,,,,582.48
Campo1,POCO3,ZP1,1,1/10/2005,9.93,,0.65,39.73,,,,,405.88
Campo1,POCO3,ZP1,1,1/11/2005,,,,,,,,,
Campo1,POCO3,ZP1,1,1/12/2005,,,,,,,,,
Campo1,POCO3,ZP1,1,1/1/2006,,,,,,,,,
Campo1,POCO3,ZP1,1,1/2/2006,,,,,,,,,
Campo1,POCO3,ZP1,1,1/3/2006,,,,,,,,,
Campo1,POCO3,ZP1,1,1/4/2006,,,,,,,,,
Campo1,POCO3,ZP1,1,1/5/2006,,,,,,,,,
Campo1,POCO3,ZP1,1,1/6/2006,,,,,,,,,
Campo1,POCO3,ZP1,1,1/7/2006,,,,,,,,,
Campo1,POCO3,ZP1,1,1/8/2006,,,,,,,,,
Campo1,POCO3,ZP1,1,1/9/2006,,,,,,,,,
Campo1,POCO3,ZP1,1,1/10/2006,,,,,,,,,
Campo1,POCO3,ZP1,1,1/11/2006,,,,,,,,,
Campo1,POCO3,ZP1,1,1/12/2006,,,,,,,,,
Campo1,POCO3,ZP1,1,1/1/2007,,,,,,,,,
Campo1,POCO3,ZP1,1,1/2/2007,,,,,,,,,
Campo1,POCO3,ZP1,1,1/3/2007,,,,,,,,,
Campo1,POCO3,ZP1,1,1/4/2007,,,,,,,,,
Campo1,POCO3,ZP1,1,1/5/2007,,,,,,,,,
Campo1,POCO3,ZP1,1,1/6/2007,,,,,,,,,
Campo1,POCO3,ZP1,1,1/7/2007,,,,,,,,,
Campo1,POCO3,ZP1,1,1/8/2007,,,,,,,,,
Campo1,POCO3,ZP1,1,1/9/2007,,,,,,,,,
Campo1,POCO3,ZP1,1,1/10/2007,,,,,,,,,
Campo1,POCO3,ZP1,1,1/11/2007,,,,,,,,,
Campo1,POCO3,ZP1,1,1/12/2007,,,,,,,,,
Campo1,POCO3,ZP1,1,1/1/2008,,,,,,,,,
Campo1,POCO3,ZP1,1,1/2/2008,,,,,,,,,
Campo1,POCO3,ZP1,1,1/3/2008,,,,,,,,,
Campo1,POCO3,ZP1,1,1/4/2008,,,,,,,,,
Campo1,POCO3,ZP1,1,1/5/2008,,,,,,,,,
Campo1,POCO3,ZP1,1,1/6/2008,,,,,,,,,
Campo1,POCO3,ZP1,1,1/7/2008,,,,,,,,,
Campo1,POCO3,ZP1,1,1/8/2008,,,,,,,,,
Campo1,POCO3,ZP1,1,1/9/2008,,,,,,,,,
Campo1,POCO3,ZP1,1,1/10/2008,,,,,,,,,
Campo1,POCO3,ZP1,1,1/11/2008,,,,,,,,,
Campo1,POCO3,ZP1,1,1/12/2008,,,,,,,,,
Campo1,POCO3,ZP1,1,1/1/2009,,,,,,,,,
Campo1,POCO3,ZP1,1,1/2/2009,,,,,,,,,
Campo1,POCO3,ZP1,1,1/3/2009,,,,,,,,,
Campo1,POCO3,ZP1,1,1/4/2009,,,,,,,,,
Campo1,POCO3,ZP1,1,1/5/2009,,,,,,,,,
Campo1,POCO3,ZP1,1,1/6/2009,,,,,,,,,
Campo1,POCO3,ZP1,1,1/7/2009,,,,,,,,,
Campo1,POCO3,ZP1,1,1/8/2009,,,,,,,,,
Campo1,POCO3,ZP1,1,1/9/2009,,,,,,,,,
Campo1,POCO3,ZP1,1,1/10/2009,,,,,,,,,
Campo1,POCO3,ZP1,1,1/11/2009,,,,,,,,,
Campo1,POCO3,ZP1,1,1/12/2009,,,,,,,,,
Campo1,POCO3,ZP1,1,1/1/2010,,,,,,,,,
Campo1,POCO3,ZP1,1,1/2/2010,,,,,,,,,
Campo1,POCO3,ZP1,1,1/3/2010,,,,,,,,,
Campo1,POCO3,ZP1,1,1/4/2010,,,,,,,,,
Campo1,POCO3,ZP1,1,1/5/2010,,,,,,,,,
Campo1,POCO3,ZP1,1,1/6/2010,,,,,,,,,
Campo1,POCO3,ZP1,1,1/7/2010,,,,,,,,,
Campo1,POCO3,ZP1,1,1/8/2010,,,,,,,,,
Campo1,POCO3,ZP1,1,1/9/2010,,,,,,,,,
Campo1,POCO3,ZP1,1,1/10/2010,,,,,,,,,
Campo1,POCO3,ZP1,1,1/11/2010,,,,,,,,,
Campo1,POCO3,ZP1,1,1/12/2010,,,,,,,,,
Campo1,POCO3,ZP1,1,1/1/2011,,,,,,,,,
Campo1,POCO3,ZP1,1,1/2/2011,,,,,,,,,
Campo1,POCO3,ZP1,1,1/3/2011,,,,,,,,,
Campo1,POCO3,ZP1,1,1/4/2011,,,,,,,,,
Campo1,POCO3,ZP1,1,1/5/2011,,,,,,,,,
Campo1,POCO3,ZP1,1,1/6/2011,,,,,,,,,
Campo1,POCO3,ZP1,1,1/7/2011,,,,,,,,,
Campo1,POCO3,ZP1,1,1/8/2011,,,,,,,,,
Campo1,POCO3,ZP1,1,1/9/2011,,,,,,,,,
Campo1,POCO3,ZP1,1,1/10/2011,,,,,,,,,
Campo1,POCO3,ZP1,1,1/11/2011,,,,,,,,,
Campo1,POCO3,ZP1,1,1/12/2011,,,,,,,,,
Campo1,POCO3,ZP1,1,1/1/2012,,,,,,,,,
Campo1,POCO3,ZP1,1,1/2/2012,,,,,,,,,
Campo1,POCO3,ZP1,1,1/3/2012,,,,,,,,,
Campo1,POCO3,ZP1,1,1/4/2012,,,,,,,,,
Campo1,POCO3,ZP1,1,1/5/2012,,,,,,,,,
Campo1,POCO3,ZP1,1,1/6/2012,,,,,,,,,
Campo1,POCO3,ZP1,1,1/7/2012,,,,,,,,,
Campo1,POCO3,ZP1,1,1/8/2012,,,,,,,,,
Campo1,POCO3,ZP1,1,1/9/2012,,,,,,,,,
Campo1,POCO3,ZP1,1,1/10/2012,,,,,,,,,
Campo1,POCO3,ZP1,1,1/11/2012,,,,,,,,,
Campo1,POCO3,ZP1,1,1/12/2012,,,,,,,,,
Campo1,POCO3,ZP1,1,1/1/2013,,,,,,,,,
Campo1,POCO3,ZP1,1,1/2/2013,,,,,,,,,
Campo1,POCO3,ZP1,1,1/3/2013,,,,,,,,,
Campo1,POCO3,ZP1,1,1/4/2013,,,,,,,,,
Campo1,POCO3,ZP1,1,1/5/2013,,,,,,,,,
Campo1,POCO3,ZP1,1,1/6/2013,,,,,,,,,
Campo1,POCO3,ZP1,1,1/7/2013,,,,,,,,,
Campo1,POCO3,ZP1,1,1/8/2013,,,,,,,,,
Campo1,POCO3,ZP1,1,1/9/2013,,,,,,,,,
Campo1,POCO3,ZP1,1,1/10/2013,,,,,,,,,
Campo1,POCO3,ZP1,1,1/11/2013,,,,,,,,,
Campo1,POCO3,ZP1,1,1/12/2013,,,,,,,,,
Campo1,POCO3,ZP1,1,1/1/2014,,,,,,,,,
Campo1,POCO3,ZP1,1,1/2/2014,,,,,,,,,
Campo1,POCO3,ZP1,1,1/3/2014,,,,,,,,,
Campo1,POCO3,ZP1,1,1/4/2014,,,,,,,,,
Campo1,POCO3,ZP1,1,1/5/2014,,,,,,,,,
Campo1,POCO3,ZP1,1,1/6/2014,,,,,,,,,
Campo1,POCO3,ZP1,1,1/7/2014,,,,,,,,,
Campo1,POCO3,ZP1,1,1/8/2014,,,,,,,,,
Campo1,POCO3,ZP1,1,1/9/2014,,,,,,,,,
Campo1,POCO3,ZP1,1,1/10/2014,,,,,,,,,
Campo1,POCO3,ZP1,1,1/11/2014,,,,,,,,,
Campo1,POCO3,ZP1,1,1/12/2014,,,,,,,,,
Campo1,POCO3,ZP1,1,1/1/2015,,,,,,,,,
Campo1,POCO3,ZP1,1,1/2/2015,,,,,,,,,
Campo1,POCO3,ZP1,1,1/3/2015,,,,,,,,,
Campo1,POCO3,ZP1,1,1/4/2015,,,,,,,,,
Campo1,POCO3,ZP1,1,1/5/2015,,,,,,,,,
Campo1,POCO3,ZP1,1,1/6/2015,,,,,,,,,
Campo1,POCO3,ZP1,1,1/7/2015,,,,,,,,,
Campo1,POCO3,ZP1,1,1/8/2015,,,,,,,,,
Campo1,POCO3,ZP1,1,1/9/2015,,,,,,,,,
Campo1,POCO3,ZP1,1,1/10/2015,,,,,,,,,
Campo1,POCO3,ZP1,1,1/11/2015,,,,,,,,,
Campo1,POCO3,ZP1,1,1/12/2015,,,,,,,,,
Campo1,POCO3,ZP1,1,1/1/2016,,,,,,,,,
Campo1,POCO3,ZP1,1,1/2/2016,,,,,,,,,
Campo1,POCO3,ZP1,1,1/3/2016,,,,,,,,,
Campo1,POCO3,ZP1,1,1/4/2016,,,,,,,,,
Campo1,POCO3,ZP1,1,1/5/2016,,,,,,,,,
Campo1,POCO3,ZP1,1,1/6/2016,,,,,,,,,
Campo1,POCO3,ZP1,1,1/7/2016,,,,,,,,,
Campo1,POCO3,ZP1,1,1/8/2016,,,,,,,,,
Campo1,POCO3,ZP1,1,1/9/2016,,,,,,,,,
Campo1,POCO3,ZP1,1,1/10/2016,,,,,,,,,
Campo1,POCO3,ZP1,1,1/11/2016,,,,,,,,,
Campo1,POCO3,ZP1,1,1/12/2016,,,,,,,,,
Campo1,POCO3,ZP1,1,1/1/2017,,,,,,,,,
Campo1,POCO3,ZP1,1,1/2/2017,,,,,,,,,
Campo1,POCO3,ZP1,1,1/3/2017,,,,,,,,,
Campo1,POCO3,ZP1,1,1/4/2017,,,,,,,,,
Campo1,POCO3,ZP1,1,1/5/2017,,,,,,,,,
Campo1,POCO3,ZP1,1,1/6/2017,,,,,,,,,
Campo1,POCO3,ZP1,1,1/7/2017,,,,,,,,,
Campo1,POCO3,ZP1,1,1/8/2017,,,,,,,,,
Campo1,POCO3,ZP1,1,1/9/2017,,,,,,,,,
Campo1,POCO3,ZP1,1,1/10/2017,,,,,,,,,
Campo1,POCO3,ZP1,1,1/11/2017,,,,,,,,,
Campo1,POCO3,ZP1,1,1/12/2017,,,,,,,,,
Campo1,POCO3,ZP1,1,1/1/2018,,,,,,,,,
Campo1,POCO3,ZP1,1,1/2/2018,,,,,,,,,
Campo1,POCO3,ZP1,1,1/3/2018,,,,,,,,,
Campo1,POCO3,ZP1,1,1/4/2018,,,,,,,,,
Campo1,POCO3,ZP1,1,1/5/2018,,,,,,,,,
Campo1,POCO3,ZP1,1,1/6/2018,,,,,,,,,
Campo1,POCO3,ZP1,1,1/7/2018,,,,,,,,,
Campo1,POCO3,ZP1,1,1/8/2018,,,,,,,,,
Campo1,POCO3,ZP1,1,1/9/2018,,,,,,,,,
Campo1,POCO3,ZP1,1,1/10/2018,,,,,,,,,
Campo1,POCO3,ZP1,1,1/11/2018,,,,,,,,,
Campo1,POCO3,ZP1,1,1/12/2018,,,,,,,,,
Campo1,POCO3,ZP1,1,1/1/2019,,,,,,,,,
Campo1,POCO3,ZP1,1,1/2/2019,,,,,,,,,
Campo1,POCO3,ZP1,1,1/3/2019,,,,,,,,,
Campo1,POCO3,ZP1,1,1/4/2019,,,,,,,,,
Campo1,POCO3,ZP1,1,1/5/2019,,,,,,,,,
Campo1,POCO4,ZP1,1,1/5/1984,,,,,1525.55,,528.0,,
Campo1,POCO4,ZP1,1,1/6/1984,,,,,2538.07,,720.0,,
Campo1,POCO4,ZP1,1,1/7/1984,,,,,2477.84,,720.0,,
Campo1,POCO4,ZP1,1,1/8/1984,,,,,2640.77,,728.0,,
Campo1,POCO4,ZP1,1,1/9/1984,,,,,2623.83,,709.0,,
Campo1,POCO4,ZP1,1,1/10/1984,,,,,2493.42,,707.0,,
Campo1,POCO4,ZP1,1,1/11/1984,,,,,2862.93,,707.0,,
Campo1,POCO4,ZP1,1,1/12/1984,,,,,2760.48,,739.0,,
Campo1,POCO4,ZP1,1,1/1/1985,,,,,2897.1,,737.0,,
Campo1,POCO4,ZP1,1,1/2/1985,,,,,2714.68,,671.0,,
Campo1,POCO4,ZP1,1,1/3/1985,,,,,2676.19,,744.0,,
Campo1,POCO4,ZP1,1,1/4/1985,,,,,2598.17,,697.0,,
Campo1,POCO4,ZP1,1,1/5/1985,,,,,2690.39,,738.0,,
Campo1,POCO4,ZP1,1,1/6/1985,,,,,2783.67,,715.0,,
Campo1,POCO4,ZP1,1,1/7/1985,,,,,1661.13,,485.0,,
Campo1,POCO4,ZP1,1,1/8/1985,,,,,1981.84,,725.0,,
Campo1,POCO4,ZP1,1,1/9/1985,,,,,2154.23,,656.0,,
Campo1,POCO4,ZP1,1,1/10/1985,,,,,2247.61,,715.0,,
Campo1,POCO4,ZP1,1,1/11/1985,,,,,2142.3,,719.0,,
Campo1,POCO4,ZP1,1,1/12/1985,,,,,2305.52,,739.0,,
Campo1,POCO4,ZP1,1,1/1/1986,,,,,2184.03,,721.0,,
Campo1,POCO4,ZP1,1,1/2/1986,,,,,2236.43,,569.0,,
Campo1,POCO4,ZP1,1,1/3/1986,,,,,2136.87,,652.0,,
Campo1,POCO4,ZP1,1,1/4/1986,,,,,2436.57,,713.0,,
Campo1,POCO4,ZP1,1,1/5/1986,,,,,2224.74,,688.0,,
Campo1,POCO4,ZP1,1,1/6/1986,,,,,2239.27,,696.0,,
Campo1,POCO4,ZP1,1,1/7/1986,,,,,2230.94,,736.0,,
Campo1,POCO4,ZP1,1,1/8/1986,,,,,2162.77,,719.0,,
Campo1,POCO4,ZP1,1,1/9/1986,,,,,2304.67,,701.0,,
Campo1,POCO4,ZP1,1,1/10/1986,,,,,2021.94,,709.0,,
Campo1,POCO4,ZP1,1,1/11/1986,,,,,2046.33,,713.0,,
Campo1,POCO4,ZP1,1,1/12/1986,,,,,1905.81,,734.0,,
Campo1,POCO4,ZP1,1,1/1/1987,,,,,1700.65,,725.0,,
Campo1,POCO4,ZP1,1,1/2/1987,,,,,1076.89,,486.0,,
Campo1,POCO4,ZP1,1,1/3/1987,,,,,1861.9,,726.0,,
Campo1,POCO4,ZP1,1,1/4/1987,,,,,1748.5,,706.0,,
Campo1,POCO4,ZP1,1,1/5/1987,,,,,1745.52,,724.0,,
Campo1,POCO4,ZP1,1,1/6/1987,,,,,1695.0,,706.0,,
Campo1,POCO4,ZP1,1,1/7/1987,,,,,1546.13,,712.0,,
Campo1,POCO4,ZP1,1,1/8/1987,,,,,1773.55,,713.0,,
Campo1,POCO4,ZP1,1,1/9/1987,,,,,1695.33,,716.0,,
Campo1,POCO4,ZP1,1,1/10/1987,,,,,1146.77,,489.0,,
Campo1,POCO4,ZP1,1,1/11/1987,,,,,1641.33,,699.0,,
Campo1,POCO4,ZP1,1,1/12/1987,,,,,1663.23,,705.0,,
Campo1,POCO4,ZP1,1,1/1/1988,,,,,1698.71,,737.0,,
Campo1,POCO4,ZP1,1,1/2/1988,,,,,1660.69,,675.0,,
Campo1,POCO4,ZP1,1,1/3/1988,,,,,1612.9,,703.0,,
Campo1,POCO4,ZP1,1,1/4/1988,,,,,1708.33,,716.0,,
Campo1,POCO4,ZP1,1,1/5/1988,,,,,1732.9,,740.0,,
Campo1,POCO4,ZP1,1,1/6/1988,,,,,1706.0,,716.0,,
Campo1,POCO4,ZP1,1,1/7/1988,,,,,1744.84,,739.0,,
Campo1,POCO4,ZP1,1,1/8/1988,,,,,1620.32,,689.0,,
Campo1,POCO4,ZP1,1,1/9/1988,,,,,1672.0,,699.0,,
Campo1,POCO4,ZP1,1,1/10/1988,,,,,1672.26,,741.0,,
Campo1,POCO4,ZP1,1,1/11/1988,,,,,1523.0,,634.0,,
Campo1,POCO4,ZP1,1,1/12/1988,,,,,1765.81,,738.0,,
Campo1,POCO4,ZP1,1,1/1/1989,,,,,1701.61,,710.0,,
Campo1,POCO4,ZP1,1,1/2/1989,,,,,1696.43,,644.0,,
Campo1,POCO4,ZP1,1,1/3/1989,,,,,1538.06,,739.0,,
Campo1,POCO4,ZP1,1,1/4/1989,,,,,1548.0,,669.0,,
Campo1,POCO4,ZP1,1,1/5/1989,,,,,1672.9,,714.0,,
Campo1,POCO4,ZP1,1,1/6/1989,,,,,1653.0,,699.0,,
Campo1,POCO4,ZP1,1,1/7/1989,,,,,1750.0,,739.0,,
Campo1,POCO4,ZP1,1,1/8/1989,,,,,1767.1,,725.0,,
Campo1,POCO4,ZP1,1,1/9/1989,,,,,1612.33,,714.0,,
Campo1,POCO4,ZP1,1,1/10/1989,,,,,1644.52,,714.0,,
Campo1,POCO4,ZP1,1,1/11/1989,,,,,1691.0,,694.0,,
Campo1,POCO4,ZP1,1,1/12/1989,,,,,1751.29,,741.0,,
Campo1,POCO4,ZP1,1,1/1/1990,,,,,1671.94,,732.0,,
Campo1,POCO4,ZP1,1,1/2/1990,,,,,1483.93,,596.0,,
Campo1,POCO4,ZP1,1,1/3/1990,,,,,1637.42,,730.0,,
Campo1,POCO4,ZP1,1,1/4/1990,,,,,1705.67,,709.0,,
Campo1,POCO4,ZP1,1,1/5/1990,,,,,1588.03,,702.0,,
Campo1,POCO4,ZP1,1,1/6/1990,,,,,1764.9,,696.0,,
Campo1,POCO4,ZP1,1,1/7/1990,,,,,1596.39,,680.0,,
Campo1,POCO4,ZP1,1,1/8/1990,,,,,230.29,,102.0,,
Campo1,POCO4,ZP1,1,1/9/1990,,,,,1649.07,,719.0,,
Campo1,POCO4,ZP1,1,1/10/1990,,,,,1660.61,,733.0,,
Campo1,POCO4,ZP1,1,1/11/1990,,,,,1698.8,,715.0,,
Campo1,POCO4,ZP1,1,1/12/1990,,,,,1714.52,,743.0,,
Campo1,POCO4,ZP1,1,1/1/1991,,,,,1740.0,,739.0,,
Campo1,POCO4,ZP1,1,1/2/1991,,,,,1448.79,,656.0,,
Campo1,POCO4,ZP1,1,1/3/1991,,,,,1714.86,,728.0,,
Campo1,POCO4,ZP1,1,1/4/1991,,,,,1679.53,,715.0,,
Campo1,POCO4,ZP1,1,1/5/1991,,,,,1561.55,,683.0,,
Campo1,POCO4,ZP1,1,1/6/1991,,,,,1701.13,,702.0,,
Campo1,POCO4,ZP1,1,1/7/1991,,,,,1197.13,,513.0,,
Campo1,POCO4,ZP1,1,1/8/1991,,,,,1636.48,,698.0,,
Campo1,POCO4,ZP1,1,1/9/1991,,,,,1003.4,,690.0,,
Campo1,POCO4,ZP1,1,1/10/1991,,,,,1612.97,,727.0,,
Campo1,POCO4,ZP1,1,1/11/1991,,,,,1599.27,,700.0,,
Campo1,POCO4,ZP1,1,1/12/1991,,,,,1577.0,,722.0,,
Campo1,POCO4,ZP1,1,1/1/1992,,,,,1621.45,,740.0,,
Campo1,POCO4,ZP1,1,1/2/1992,,,,,1606.14,,689.0,,
Campo1,POCO4,ZP1,1,1/3/1992,,,,,1640.35,,739.0,,
Campo1,POCO4,ZP1,1,1/4/1992,,,,,1627.7,,697.0,,
Campo1,POCO4,ZP1,1,1/5/1992,,,,,1731.23,,736.0,,
Campo1,POCO4,ZP1,1,1/6/1992,,,,,1745.55,,717.0,,
Campo1,POCO4,ZP1,1,1/7/1992,,,,,1763.35,,744.0,,
Campo1,POCO4,ZP1,1,1/8/1992,,,,,1761.42,,739.0,,
Campo1,POCO4,ZP1,1,1/9/1992,,,,,1765.83,,706.0,,
Campo1,POCO4,ZP1,1,1/10/1992,,,,,1727.03,,730.0,,
Campo1,POCO4,ZP1,1,1/11/1992,,,,,1766.1,,718.0,,
Campo1,POCO4,ZP1,1,1/12/1992,,,,,1751.97,,710.0,,
Campo1,POCO4,ZP1,1,1/1/1993,,,,,1710.45,,730.0,,
Campo1,POCO4,ZP1,1,1/2/1993,,,,,1640.54,,672.0,,
Campo1,POCO4,ZP1,1,1/3/1993,,,,,1646.81,,731.0,,
Campo1,POCO4,ZP1,1,1/4/1993,,,,,1627.07,,668.0,,
Campo1,POCO4,ZP1,1,1/5/1993,,,,,1726.9,,744.0,,
Campo1,POCO4,ZP1,1,1/6/1993,,,,,1686.67,,707.0,,
Campo1,POCO4,ZP1,1,1/7/1993,,,,,1723.97,,743.0,,
Campo1,POCO4,ZP1,1,1/8/1993,,,,,1648.13,,739.0,,
Campo1,POCO4,ZP1,1,1/9/1993,,,,,1699.13,,704.0,,
Campo1,POCO4,ZP1,1,1/10/1993,,,,,1644.13,,717.0,,
Campo1,POCO4,ZP1,1,1/11/1993,,,,,1716.47,,708.0,,
Campo1,POCO4,ZP1,1,1/12/1993,,,,,1195.16,,490.0,,
Campo1,POCO4,ZP1,1,1/1/1994,,,,,1781.52,,732.83,,
Campo1,POCO4,ZP1,1,1/2/1994,,,,,1786.46,,671.0,,
Campo1,POCO4,ZP1,1,1/3/1994,,,,,1779.94,,741.0,,
Campo1,POCO4,ZP1,1,1/4/1994,,,,,1793.2,,719.0,,
Campo1,POCO4,ZP1,1,1/5/1994,,,,,1676.06,,675.0,,
Campo1,POCO4,ZP1,1,1/6/1994,,,,,1818.63,,711.0,,
Campo1,POCO4,ZP1,1,1/7/1994,,,,,1751.0,,721.5,,
Campo1,POCO4,ZP1,1,1/8/1994,,,,,1769.35,,744.0,,
Campo1,POCO4,ZP1,1,1/9/1994,,,,,1528.8,,638.0,,
Campo1,POCO4,ZP1,1,1/10/1994,,,,,1510.32,,612.5,,
Campo1,POCO4,ZP1,1,1/11/1994,,,,,1464.7,,594.5,,
Campo1,POCO4,ZP1,1,1/12/1994,,,,,1765.13,,742.5,,
Campo1,POCO4,ZP1,1,1/1/1995,,,,,1780.55,,738.5,,
Campo1,POCO4,ZP1,1,1/2/1995,,,,,1722.14,,672.0,,
Campo1,POCO4,ZP1,1,1/3/1995,,,,,1652.0,,717.75,,
Campo1,POCO4,ZP1,1,1/4/1995,,,,,1729.7,,713.2,,
Campo1,POCO4,ZP1,1,1/5/1995,,,,,536.54,,226.95,,
Campo1,POCO4,ZP1,1,1/6/1995,,,,,1764.95,,718.0,,
Campo1,POCO4,ZP1,1,1/7/1995,,,,,1718.65,,728.25,,
Campo1,POCO4,ZP1,1,1/8/1995,,,,,1720.03,,735.33,,
Campo1,POCO4,ZP1,1,1/9/1995,,,,,1705.9,,712.5,,
Campo1,POCO4,ZP1,1,1/10/1995,,,,,1135.68,,539.83,,
Campo1,POCO4,ZP1,1,1/11/1995,,,,,1228.53,,523.17,,
Campo1,POCO4,ZP1,1,1/12/1995,,,,,1221.87,,519.73,,
Campo1,POCO4,ZP1,1,1/1/1996,,,,,1688.35,,739.0,,
Campo1,POCO4,ZP1,1,1/2/1996,,,,,1564.07,,652.17,,
Campo1,POCO4,ZP1,1,1/3/1996,,,,,579.87,,235.0,,
Campo1,POCO4,ZP1,1,1/4/1996,,,,,1578.97,,661.3,,
Campo1,POCO4,ZP1,1,1/5/1996,,,,,1727.45,,738.5,,
Campo1,POCO4,ZP1,1,1/6/1996,,,,,1586.57,,559.0,,
Campo1,POCO4,ZP1,1,1/7/1996,,,,,2022.1,,712.5,,
Campo1,POCO4,ZP1,1,1/8/1996,,,,,1958.35,,742.83,,
Campo1,POCO4,ZP1,1,1/9/1996,,,,,2036.9,,715.0,,
Campo1,POCO4,ZP1,1,1/10/1996,,,,,2078.65,,739.5,,
Campo1,POCO4,ZP1,1,1/11/1996,,,,,2058.43,,714.0,,
Campo1,POCO4,ZP1,1,1/12/1996,,,,,1339.58,,471.33,,
Campo1,POCO4,ZP1,1,1/1/1997,,,,,186.94,,68.5,,
Campo1,POCO4,ZP1,1,1/2/1997,,,,,2228.61,,655.5,,
Campo1,POCO4,ZP1,1,1/3/1997,,,,,2021.61,,667.5,,
Campo1,POCO4,ZP1,1,1/4/1997,,,,,2181.2,,712.0,,
Campo1,POCO4,ZP1,1,1/5/1997,,,,,2023.97,,738.67,,
Campo1,POCO4,ZP1,1,1/6/1997,,,,,1973.27,,719.0,,
Campo1,POCO4,ZP1,1,1/7/1997,,,,,2002.97,,733.0,,
Campo1,POCO4,ZP1,1,1/8/1997,,,,,2034.9,,740.33,,
Campo1,POCO4,ZP1,1,1/9/1997,,,,,2026.47,,715.83,,
Campo1,POCO4,ZP1,1,1/10/1997,,,,,1946.06,,740.0,,
Campo1,POCO4,ZP1,1,1/11/1997,,,,,1960.93,,711.0,,
Campo1,POCO4,ZP1,1,1/12/1997,,,,,1983.35,,739.5,,
Campo1,POCO4,ZP1,1,1/1/1998,,,,,1930.65,,738.5,,
Campo1,POCO4,ZP1,1,1/2/1998,,,,,1197.82,,430.0,,
Campo1,POCO4,ZP1,1,1/3/1998,,,,,1334.48,,537.42,,
Campo1,POCO4,ZP1,1,1/4/1998,,,,,1683.5,,681.17,,
Campo1,POCO4,ZP1,1,1/5/1998,,,,,1650.29,,737.0,,
Campo1,POCO4,ZP1,1,1/6/1998,,,,,1654.9,,718.17,,
Campo1,POCO4,ZP1,1,1/7/1998,,,,,1625.19,,741.75,,
Campo1,POCO4,ZP1,1,1/8/1998,,,,,1679.52,,742.0,,
Campo1,POCO4,ZP1,1,1/9/1998,,,,,1678.2,,720.0,,
Campo1,POCO4,ZP1,1,1/10/1998,,,,,1718.23,,744.0,,
Campo1,POCO4,ZP1,1,1/11/1998,,,,,1728.3,,708.0,,
Campo1,POCO4,ZP1,1,1/12/1998,,,,,1729.97,,732.5,,
Campo1,POCO4,ZP1,1,1/1/1999,,,,,1775.39,,737.0,,
Campo1,POCO4,ZP1,1,1/2/1999,,,,,1796.11,,660.83,,
Campo1,POCO4,ZP1,1,1/3/1999,,,,,1669.65,,716.67,,
Campo1,POCO4,ZP1,1,1/4/1999,,,,,1724.3,,716.33,,
Campo1,POCO4,ZP1,1,1/5/1999,,,,,1758.58,,738.5,,
Campo1,POCO4,ZP1,1,1/6/1999,,,,,1878.9,,713.97,,
Campo1,POCO4,ZP1,1,1/7/1999,,,,,1776.84,,719.38,,
Campo1,POCO4,ZP1,1,1/8/1999,,,,,1814.19,,741.25,,
Campo1,POCO4,ZP1,1,1/9/1999,,,,,1888.63,,718.33,,
Campo1,POCO4,ZP1,1,1/10/1999,,,,,1973.42,,721.83,,
Campo1,POCO4,ZP1,1,1/11/1999,,,,,1945.27,,707.5,,
Campo1,POCO4,ZP1,1,1/12/1999,,,,,2271.52,,729.0,,
Campo1,POCO4,ZP1,1,1/1/2000,,,,,2383.06,,737.42,,
Campo1,POCO4,ZP1,1,1/2/2000,,,,,2206.31,,685.0,,
Campo1,POCO4,ZP1,1,1/3/2000,,,,,2128.29,,731.17,,
Campo1,POCO4,ZP1,1,1/4/2000,,,,,2075.57,,707.67,,
Campo1,POCO4,ZP1,1,1/5/2000,,,,,2059.13,,725.5,,
Campo1,POCO4,ZP1,1,1/6/2000,,,,,1992.6,,698.92,,
Campo1,POCO4,ZP1,1,1/7/2000,,,,,2093.26,,725.5,,
Campo1,POCO4,ZP1,1,1/8/2000,,,,,2110.35,,741.0,,
Campo1,POCO4,ZP1,1,1/9/2000,,,,,2177.43,,719.0,,
Campo1,POCO4,ZP1,1,1/10/2000,,,,,1604.9,,521.25,,
Campo1,POCO4,ZP1,1,1/11/2000,,,,,2152.77,,711.83,,
Campo1,POCO4,ZP1,1,1/12/2000,,,,,2146.77,,742.0,,
Campo1,POCO4,ZP1,1,1/1/2001,,,,,2133.97,,741.0,,
Campo1,POCO4,ZP1,1,1/2/2001,,,,,1671.21,,550.0,,
Campo1,POCO4,ZP1,1,1/3/2001,,,,,2020.84,,738.5,,
Campo1,POCO4,ZP1,1,1/4/2001,,,,,1975.77,,714.17,,
Campo1,POCO4,ZP1,1,1/5/2001,,,,,1996.71,,727.33,,
Campo1,POCO4,ZP1,1,1/6/2001,,,,,1954.77,,650.0,,
Campo1,POCO4,ZP1,1,1/7/2001,,,,,2145.61,,744.0,,
Campo1,POCO4,ZP1,1,1/8/2001,,,,,2087.68,,718.43,,
Campo1,POCO4,ZP1,1,1/9/2001,,,,,2112.7,,711.1,,
Campo1,POCO4,ZP1,1,1/10/2001,,,,,1672.58,,624.0,,
Campo1,POCO4,ZP1,1,1/11/2001,,,,,2123.37,,705.67,,
Campo1,POCO4,ZP1,1,1/12/2001,,,,,930.03,,344.0,,
Campo1,POCO4,ZP1,1,1/1/2002,,,,,1718.74,,617.0,,
Campo1,POCO4,ZP1,1,1/2/2002,,,,,2144.79,,663.83,,
Campo1,POCO4,ZP1,1,1/3/2002,,,,,2126.97,,738.83,,
Campo1,POCO4,ZP1,1,1/4/2002,,,,,2136.47,,719.0,,
Campo1,POCO4,ZP1,1,1/5/2002,,,,,1805.03,,610.5,,
Campo1,POCO4,ZP1,1,1/6/2002,,,,,2102.8,,709.08,,
Campo1,POCO4,ZP1,1,1/7/2002,,,,,2029.87,,716.33,,
Campo1,POCO4,ZP1,1,1/8/2002,,,,,2115.32,,735.5,,
Campo1,POCO4,ZP1,1,1/9/2002,,,,,2082.83,,706.33,,
Campo1,POCO4,ZP1,1,1/10/2002,,,,,2084.74,,741.83,,
Campo1,POCO4,ZP1,1,1/11/2002,,,,,703.37,,252.67,,
Campo1,POCO4,ZP1,1,1/12/2002,,,,,1344.74,,534.18,,
Campo1,POCO4,ZP1,1,1/1/2003,,,,,1958.84,,735.83,,
Campo1,POCO4,ZP1,1,1/2/2003,,,,,1922.43,,651.25,,
Campo1,POCO4,ZP1,1,1/3/2003,,,,,1867.77,,710.52,,
Campo1,POCO4,ZP1,1,1/4/2003,,,,,1812.6,,717.17,,
Campo1,POCO4,ZP1,1,1/5/2003,,,,,1899.81,,734.67,,
Campo1,POCO4,ZP1,1,1/6/2003,,,,,1963.4,,707.0,,
Campo1,POCO4,ZP1,1,1/7/2003,,,,,1987.81,,740.0,,
Campo1,POCO4,ZP1,1,1/8/2003,,,,,1966.1,,743.5,,
Campo1,POCO4,ZP1,1,1/9/2003,,,,,1997.7,,713.67,,
Campo1,POCO4,ZP1,1,1/10/2003,,,,,1986.0,,735.17,,
Campo1,POCO4,ZP1,1,1/11/2003,,,,,2050.3,,715.0,,
Campo1,POCO4,ZP1,1,1/12/2003,,,,,2034.68,,737.5,,
Campo1,POCO4,ZP1,1,1/1/2004,,,,,1972.39,,721.5,,
Campo1,POCO4,ZP1,1,1/2/2004,,,,,2066.38,,688.0,,
Campo1,POCO4,ZP1,1,1/3/2004,,,,,2027.68,,737.75,,
Campo1,POCO4,ZP1,1,1/4/2004,,,,,2003.97,,716.5,,
Campo1,POCO4,ZP1,1,1/5/2004,,,,,2033.68,,740.0,,
Campo1,POCO4,ZP1,1,1/6/2004,,,,,2069.17,,713.5,,
Campo1,POCO4,ZP1,1,1/7/2004,,,,,2032.84,,732.5,,
Campo1,POCO4,ZP1,1,1/8/2004,,,,,1526.45,,536.67,,
Campo1,POCO4,ZP1,1,1/9/2004,,,,,1914.6,,678.1,,
Campo1,POCO4,ZP1,1,1/10/2004,,,,,1904.1,,690.83,,
Campo1,POCO4,ZP1,1,1/11/2004,,,,,1926.4,,678.75,,
Campo1,POCO4,ZP1,1,1/12/2004,,,,,1971.52,,691.67,,
Campo1,POCO4,ZP1,1,1/1/2005,,,,,2001.13,,669.78,,
Campo1,POCO4,ZP1,1,1/2/2005,,,,,2456.82,,670.83,,
Campo1,POCO4,ZP1,1,1/3/2005,,,,,2190.26,,704.5,,
Campo1,POCO4,ZP1,1,1/4/2005,,,,,2197.33,,642.0,,
Campo1,POCO4,ZP1,1,1/5/2005,,,,,2543.06,,737.33,,
Campo1,POCO4,ZP1,1,1/6/2005,,,,,2525.9,,720.0,,
Campo1,POCO4,ZP1,1,1/7/2005,,,,,2518.61,,740.5,,
Campo1,POCO4,ZP1,1,1/8/2005,,,,,2471.39,,736.5,,
Campo1,POCO4,ZP1,1,1/9/2005,,,,,2426.83,,705.33,,
Campo1,POCO4,ZP1,1,1/10/2005,,,,,2424.97,,733.67,,
Campo1,POCO4,ZP1,1,1/11/2005,,,,,2359.63,,713.08,,
Campo1,POCO4,ZP1,1,1/12/2005,,,,,2296.35,,729.5,,
Campo1,POCO4,ZP1,1,1/1/2006,,,,,2319.74,,716.5,,
Campo1,POCO4,ZP1,1,1/2/2006,,,,,2300.71,,651.87,,
Campo1,POCO4,ZP1,1,1/3/2006,,,,,2293.35,,720.67,,
Campo1,POCO4,ZP1,1,1/4/2006,,,,,2344.67,,717.5,,
Campo1,POCO4,ZP1,1,1/5/2006,,,,,2270.77,,739.5,,
Campo1,POCO4,ZP1,1,1/6/2006,,,,,2231.13,,716.0,,
Campo1,POCO4,ZP1,1,1/7/2006,,,,,2159.58,,732.75,,
Campo1,POCO4,ZP1,1,1/8/2006,,,,,2218.39,,744.0,,
Campo1,POCO4,ZP1,1,1/9/2006,,,,,2148.63,,720.0,,
Campo1,POCO4,ZP1,1,1/10/2006,,,,,2142.29,,743.33,,
Campo1,POCO4,ZP1,1,1/11/2006,,,,,2148.67,,717.0,,
Campo1,POCO4,ZP1,1,1/12/2006,,,,,2130.87,,739.5,,
Campo1,POCO4,ZP1,1,1/1/2007,,,,,2210.87,,744.0,,
Campo1,POCO4,ZP1,1,1/2/2007,,,,,2372.0,,670.0,,
Campo1,POCO4,ZP1,1,1/3/2007,,,,,2371.35,,744.0,,
Campo1,POCO4,ZP1,1,1/4/2007,,,,,2326.0,,719.0,,
Campo1,POCO4,ZP1,1,1/5/2007,,,,,2159.29,,669.92,,
Campo1,POCO4,ZP1,1,1/6/2007,,,,,2278.97,,720.0,,
Campo1,POCO4,ZP1,1,1/7/2007,,,,,2018.29,,739.5,,
Campo1,POCO4,ZP1,1,1/8/2007,,,,,1951.87,,734.08,,
Campo1,POCO4,ZP1,1,1/9/2007,,,,,1971.03,,718.5,,
Campo1,POCO4,ZP1,1,1/10/2007,,,,,1901.29,,713.0,,
Campo1,POCO4,ZP1,1,1/11/2007,,,,,1975.13,,709.33,,
Campo1,POCO4,ZP1,1,1/12/2007,,,,,1989.16,,741.17,,
Campo1,POCO4,ZP1,1,1/1/2008,,,,,1988.19,,725.55,,
Campo1,POCO4,ZP1,1,1/2/2008,,,,,1666.07,,695.0,,
Campo1,POCO4,ZP1,1,1/3/2008,,,,,1923.42,,704.5,,
Campo1,POCO4,ZP1,1,1/4/2008,,,,,1991.0,,696.0,,
Campo1,POCO4,ZP1,1,1/5/2008,,,,,2176.68,,741.25,,
Campo1,POCO4,ZP1,1,1/6/2008,,,,,2114.6,,720.0,,
Campo1,POCO4,ZP1,1,1/7/2008,,,,,2094.71,,735.43,,
Campo1,POCO4,ZP1,1,1/8/2008,,,,,1918.68,,740.0,,
Campo1,POCO4,ZP1,1,1/9/2008,,,,,1339.3,,478.0,,
Campo1,POCO4,ZP1,1,1/10/2008,,,,,1588.1,,658.5,,
Campo1,POCO4,ZP1,1,1/11/2008,,,,,1903.93,,681.0,,
Campo1,POCO4,ZP1,1,1/12/2008,,,,,1939.35,,720.5,,
Campo1,POCO4,ZP1,1,1/1/2009,,,,,1989.65,,733.5,,
Campo1,POCO4,ZP1,1,1/2/2009,,,,,2120.18,,672.0,,
Campo1,POCO4,ZP1,1,1/3/2009,,,,,2035.74,,708.42,,
Campo1,POCO4,ZP1,1,1/4/2009,,,,,2070.27,,700.0,,
Campo1,POCO4,ZP1,1,1/5/2009,,,,,1932.58,,685.33,,
Campo1,POCO4,ZP1,1,1/6/2009,,,,,1994.87,,668.02,,
Campo1,POCO4,ZP1,1,1/7/2009,,,,,1791.0,,615.1,,
Campo1,POCO4,ZP1,1,1/8/2009,,,,,2106.29,,725.5,,
Campo1,POCO4,ZP1,1,1/9/2009,,,,,2117.23,,716.67,,
Campo1,POCO4,ZP1,1,1/10/2009,,,,,2090.13,,736.5,,
Campo1,POCO4,ZP1,1,1/11/2009,,,,,2099.03,,720.0,,
Campo1,POCO4,ZP1,1,1/12/2009,,,,,602.13,,208.0,,
Campo1,POCO4,ZP1,1,1/1/2010,,,,,1606.0,,558.0,,
Campo1,POCO4,ZP1,1,1/2/2010,,,,,2032.64,,659.1,,
Campo1,POCO4,ZP1,1,1/3/2010,,,,,2089.52,,729.0,,
Campo1,POCO4,ZP1,1,1/4/2010,,,,,1935.23,,656.5,,
Campo1,POCO4,ZP1,1,1/5/2010,,,,,2173.94,,742.0,,
Campo1,POCO4,ZP1,1,1/6/2010,,,,,2187.63,,717.5,,
Campo1,POCO4,ZP1,1,1/7/2010,,,,,2016.48,,684.5,,
Campo1,POCO4,ZP1,1,1/8/2010,,,,,2223.9,,740.5,,
Campo1,POCO4,ZP1,1,1/9/2010,,,,,2125.27,,708.25,,
Campo1,POCO4,ZP1,1,1/10/2010,,,,,2114.39,,735.0,,
Campo1,POCO4,ZP1,1,1/11/2010,,,,,2049.8,,710.83,,
Campo1,POCO4,ZP1,1,1/12/2010,,,,,1976.94,,668.0,,
Campo1,POCO4,ZP1,1,1/1/2011,,,,,2170.97,,744.0,,
Campo1,POCO4,ZP1,1,1/2/2011,,,,,2264.79,,669.78,,
Campo1,POCO4,ZP1,1,1/3/2011,,,,,2218.61,,730.5,,
Campo1,POCO4,ZP1,1,1/4/2011,,,,,1906.27,,598.5,,
Campo1,POCO4,ZP1,1,1/5/2011,,,,,2278.74,,687.0,,
Campo1,POCO4,ZP1,1,1/6/2011,,,,,1379.8,,396.0,,
Campo1,POCO4,ZP1,1,1/7/2011,,,,,2169.23,,735.0,,
Campo1,POCO4,ZP1,1,1/8/2011,,,,,2221.16,,738.33,,
Campo1,POCO4,ZP1,1,1/9/2011,,,,,1820.43,,559.0,,
Campo1,POCO4,ZP1,1,1/10/2011,,,,,787.29,,288.0,,
Campo1,POCO4,ZP1,1,1/11/2011,,,,,1327.9,,404.5,,
Campo1,POCO4,ZP1,1,1/12/2011,,,,,2373.74,,729.33,,
Campo1,POCO4,ZP1,1,1/1/2012,,,,,2031.32,,679.5,,
Campo1,POCO4,ZP1,1,1/2/2012,,,,,2018.21,,588.0,,
Campo1,POCO4,ZP1,1,1/3/2012,,,,,2172.26,,732.0,,
Campo1,POCO4,ZP1,1,1/4/2012,,,,,2038.87,,662.0,,
Campo1,POCO4,ZP1,1,1/5/2012,,,,,2090.65,,711.33,,
Campo1,POCO4,ZP1,1,1/6/2012,,,,,2168.93,,720.0,,
Campo1,POCO4,ZP1,1,1/7/2012,,,,,2163.74,,733.0,,
Campo1,POCO4,ZP1,1,1/8/2012,,,,,2130.77,,730.0,,
Campo1,POCO4,ZP1,1,1/9/2012,,,,,2041.23,,701.17,,
Campo1,POCO4,ZP1,1,1/10/2012,,,,,2198.68,,728.5,,
Campo1,POCO4,ZP1,1,1/11/2012,,,,,2140.83,,716.0,,
Campo1,POCO4,ZP1,1,1/12/2012,,,,,1913.32,,738.98,,
Campo1,POCO4,ZP1,1,1/1/2013,,,,,2061.48,,743.0,,
Campo1,POCO4,ZP1,1,1/2/2013,,,,,2090.93,,664.67,,
Campo1,POCO4,ZP1,1,1/3/2013,,,,,2114.94,,721.75,,
Campo1,POCO4,ZP1,1,1/4/2013,,,,,2030.03,,705.5,,
Campo1,POCO4,ZP1,1,1/5/2013,,,,,2069.87,,726.0,,
Campo1,POCO4,ZP1,1,1/6/2013,,,,,1964.7,,655.42,,
Campo1,POCO4,ZP1,1,1/7/2013,,,,,1802.94,,736.83,,
Campo1,POCO4,ZP1,1,1/8/2013,,,,,1409.68,,615.0,,
Campo1,POCO4,ZP1,1,1/9/2013,,,,,1472.6,,653.68,,
Campo1,POCO4,ZP1,1,1/10/2013,,,,,1526.03,,744.0,,
Campo1,POCO4,ZP1,1,1/11/2013,,,,,1635.73,,702.0,,
Campo1,POCO4,ZP1,1,1/12/2013,,,,,1981.42,,744.0,,
Campo1,POCO4,ZP1,1,1/1/2014,,,,,1950.61,,643.0,,
Campo1,POCO4,ZP1,1,1/2/2014,,,,,1882.71,,660.4,,
Campo1,POCO4,ZP1,1,1/3/2014,,,,,1726.42,,685.32,,
Campo1,POCO4,ZP1,1,1/4/2014,,,,,1757.0,,689.53,,
Campo1,POCO4,ZP1,1,1/5/2014,,,,,1783.94,,696.0,,
Campo1,POCO4,ZP1,1,1/6/2014,,,,,1739.8,,648.0,,
Campo1,POCO4,ZP1,1,1/7/2014,,,,,1109.0,,478.02,,
Campo1,POCO4,ZP1,1,1/8/2014,,,,,1541.81,,640.13,,
Campo1,POCO4,ZP1,1,1/9/2014,,,,,821.13,,336.0,,
Campo1,POCO4,ZP1,1,1/10/2014,,,,,0.0,,0.0,,
Campo1,POCO4,ZP1,1,1/11/2014,,,,,619.43,,278.22,,
Campo1,POCO4,ZP1,1,1/12/2014,,,,,1628.1,,696.0,,
Campo1,POCO4,ZP1,1,1/1/2015,,,,,1761.42,,720.0,,
Campo1,POCO4,ZP1,1,1/2/2015,,,,,1752.25,,633.98,,
Campo1,POCO4,ZP1,1,1/3/2015,,,,,1628.45,,672.0,,
Campo1,POCO4,ZP1,1,1/4/2015,,,,,1820.1,,720.0,,
Campo1,POCO4,ZP1,1,1/5/2015,,,,,1672.29,,744.0,,
Campo1,POCO4,ZP1,1,1/6/2015,,,,,1576.9,,624.0,,
Campo1,POCO4,ZP1,1,1/7/2015,,,,,2210.71,,744.0,,
Campo1,POCO4,ZP1,1,1/8/2015,,,,,1840.0,,696.0,,
Campo1,POCO4,ZP1,1,1/9/2015,,,,,1942.3,,672.0,,
Campo1,POCO4,ZP1,1,1/10/2015,,,,,2170.23,,744.0,,
Campo1,POCO4,ZP1,1,1/11/2015,,,,,1360.57,,482.43,,
Campo1,POCO4,ZP1,1,1/12/2015,,,,,1523.0,,480.0,,
Campo1,POCO4,ZP1,1,1/1/2016,,,,,1934.1,,744.0,,
Campo1,POCO4,ZP1,1,1/2/2016,,,,,1869.48,,696.0,,
Campo1,POCO4,ZP1,1,1/3/2016,,,,,1663.39,,624.0,,
Campo1,POCO4,ZP1,1,1/4/2016,,,,,1938.63,,720.0,,
Campo1,POCO4,ZP1,1,1/5/2016,,,,,1809.19,,744.0,,
Campo1,POCO4,ZP1,1,1/6/2016,,,,,118.5,,48.0,,
Campo1,POCO4,ZP1,1,1/7/2016,,,,,357.06,,168.0,,
Campo1,POCO4,ZP1,1,1/8/2016,,,,,1075.87,,432.0,,
Campo1,POCO4,ZP1,1,1/9/2016,,,,,597.77,,216.0,,
Campo1,POCO4,ZP1,1,1/10/2016,,,,,897.45,,360.0,,
Campo1,POCO4,ZP1,1,1/11/2016,,,,,1034.87,,428.0,,
Campo1,POCO4,ZP1,1,1/12/2016,,,,,965.0,,408.0,,
Campo1,POCO4,ZP1,1,1/1/2017,,,,,1633.32,,672.0,,
Campo1,POCO4,ZP1,1,1/2/2017,,,,,1826.86,,672.0,,
Campo1,POCO4,ZP1,1,1/3/2017,,,,,1276.06,,504.0,,
Campo1,POCO4,ZP1,1,1/4/2017,,,,,711.3,,360.0,,
Campo1,POCO4,ZP1,1,1/5/2017,,,,,1268.35,,552.0,,
Campo1,POCO4,ZP1,1,1/6/2017,,,,,1305.03,,528.0,,
Campo1,POCO4,ZP1,1,1/7/2017,,,,,1764.87,,744.0,,
Campo1,POCO4,ZP1,1,1/8/2017,,,,,1042.03,,432.0,,
Campo1,POCO4,ZP1,1,1/9/2017,,,,,1357.37,,600.0,,
Campo1,POCO4,ZP1,1,1/10/2017,,,,,973.03,,384.0,,
Campo1,POCO4,ZP1,1,1/11/2017,,,,,1795.57,,720.0,,
Campo1,POCO4,ZP1,1,1/12/2017,,,,,1614.97,,672.0,,
Campo1,POCO4,ZP1,1,1/1/2018,,,,,1698.97,,744.0,,
Campo1,POCO4,ZP1,1,1/2/2018,,,,,1758.14,,672.0,,
Campo1,POCO4,ZP1,1,1/3/2018,,,,,1840.74,,744.0,,
Campo1,POCO4,ZP1,1,1/4/2018,,,,,1515.97,,624.0,,
Campo1,POCO4,ZP1,1,1/5/2018,,,,,915.0,,384.0,,
Campo1,POCO4,ZP1,1,1/6/2018,,,,,648.9,,264.0,,
Campo1,POCO4,ZP1,1,1/7/2018,,,,,1657.16,,720.0,,
Campo1,POCO4,ZP1,1,1/8/2018,,,,,502.68,,216.0,,
Campo1,POCO4,ZP1,1,1/9/2018,,,,,1328.93,,552.0,,
Campo1,POCO4,ZP1,1,1/10/2018,,,,,1636.58,,696.0,,
Campo1,POCO4,ZP1,1,1/11/2018,,,,,1740.97,,720.0,,
Campo1,POCO4,ZP1,1,1/12/2018,,,,,1612.65,,672.0,,
Campo1,POCO4,ZP1,1,1/1/2019,,,,,1086.16,,624.0,,
Campo1,POCO4,ZP1,1,1/2/2019,,,,,817.21,,528.0,,
Campo1,POCO4,ZP1,1,1/3/2019,,,,,1210.84,,720.0,,
Campo1,POCO4,ZP1,1,1/4/2019,,,,,1369.93,,720.0,,
Campo1,POCO4,ZP1,1,1/5/2019,,,,,1387.71,,744.0,,
